Year,State,Contingent/ PDRM District,Type of Crime,Number of Crime
2015,Johor,Batu Pahat,Murder,2
2015,Johor,Batu Pahat,Rape,35
2015,Johor,Batu Pahat,Robbery,112
2015,Johor,Batu Pahat,Causing injury,46
2015,Johor,Iskandar Puteri,Murder,0
2015,Johor,Iskandar Puteri,Rape,0
2015,Johor,Iskandar Puteri,Robbery,0
2015,Johor,Iskandar Puteri,Causing injury,0
2015,Johor,Johor Bahru Selatan,Murder,14
2015,Johor,Johor Bahru Selatan,Rape,48
2015,Johor,Johor Bahru Selatan,Robbery,438
2015,Johor,Johor Bahru Selatan,Causing injury,155
2015,Johor,Johor Bahru Utara,Murder,6
2015,Johor,Johor Bahru Utara,Rape,25
2015,Johor,Johor Bahru Utara,Robbery,233
2015,Johor,Johor Bahru Utara,Causing injury,113
2015,Johor,Kluang,Murder,10
2015,Johor,Kluang,Rape,27
2015,Johor,Kluang,Robbery,51
2015,Johor,Kluang,Causing injury,72
2015,Johor,Kota Tinggi,Murder,3
2015,Johor,Kota Tinggi,Rape,22
2015,Johor,Kota Tinggi,Robbery,49
2015,Johor,Kota Tinggi,Causing injury,12
2015,Johor,Kulaijaya,Murder,7
2015,Johor,Kulaijaya,Rape,15
2015,Johor,Kulaijaya,Robbery,88
2015,Johor,Kulaijaya,Causing injury,33
2015,Johor,Ledang,Murder,1
2015,Johor,Ledang,Rape,12
2015,Johor,Ledang,Robbery,45
2015,Johor,Ledang,Causing injury,24
2015,Johor,Mersing,Murder,1
2015,Johor,Mersing,Rape,13
2015,Johor,Mersing,Robbery,24
2015,Johor,Mersing,Causing injury,9
2015,Johor,Muar,Murder,5
2015,Johor,Muar,Rape,5
2015,Johor,Muar,Robbery,22
2015,Johor,Muar,Causing injury,29
2015,Johor,Nusajaya,Murder,6
2015,Johor,Nusajaya,Rape,13
2015,Johor,Nusajaya,Robbery,131
2015,Johor,Nusajaya,Causing injury,47
2015,Johor,Pontian,Murder,1
2015,Johor,Pontian,Rape,13
2015,Johor,Pontian,Robbery,21
2015,Johor,Pontian,Causing injury,22
2015,Johor,Segamat,Murder,1
2015,Johor,Segamat,Rape,8
2015,Johor,Segamat,Robbery,29
2015,Johor,Segamat,Causing injury,11
2015,Johor,Seri Alam,Murder,17
2015,Johor,Seri Alam,Rape,29
2015,Johor,Seri Alam,Robbery,181
2015,Johor,Seri Alam,Causing injury,77
2015,Kedah,Baling ,Murder,1
2015,Kedah,Baling ,Rape,29
2015,Kedah,Baling ,Robbery,37
2015,Kedah,Baling ,Causing injury,15
2015,Kedah,Bandar Bharu ,Murder,1
2015,Kedah,Bandar Bharu ,Rape,8
2015,Kedah,Bandar Bharu ,Robbery,10
2015,Kedah,Bandar Bharu ,Causing injury,2
2015,Kedah,Kota Setar ,Murder,6
2015,Kedah,Kota Setar ,Rape,42
2015,Kedah,Kota Setar ,Robbery,214
2015,Kedah,Kota Setar ,Causing injury,96
2015,Kedah,Kuala Muda ,Murder,9
2015,Kedah,Kuala Muda ,Rape,40
2015,Kedah,Kuala Muda ,Robbery,187
2015,Kedah,Kuala Muda ,Causing injury,118
2015,Kedah,Kubang Pasu ,Murder,4
2015,Kedah,Kubang Pasu ,Rape,26
2015,Kedah,Kubang Pasu ,Robbery,53
2015,Kedah,Kubang Pasu ,Causing injury,45
2015,Kedah,Kulim ,Murder,3
2015,Kedah,Kulim ,Rape,25
2015,Kedah,Kulim ,Robbery,102
2015,Kedah,Kulim ,Causing injury,48
2015,Kedah,Langkawi ,Murder,0
2015,Kedah,Langkawi ,Rape,13
2015,Kedah,Langkawi ,Robbery,17
2015,Kedah,Langkawi ,Causing injury,36
2015,Kedah,Padang Terap ,Murder,2
2015,Kedah,Padang Terap ,Rape,8
2015,Kedah,Padang Terap ,Robbery,5
2015,Kedah,Padang Terap ,Causing injury,10
2015,Kedah,Pendang ,Murder,1
2015,Kedah,Pendang ,Rape,5
2015,Kedah,Pendang ,Robbery,22
2015,Kedah,Pendang ,Causing injury,17
2015,Kedah,Sik ,Murder,1
2015,Kedah,Sik ,Rape,5
2015,Kedah,Sik ,Robbery,12
2015,Kedah,Sik ,Causing injury,11
2015,Kedah,Yan ,Murder,1
2015,Kedah,Yan ,Rape,3
2015,Kedah,Yan ,Robbery,17
2015,Kedah,Yan ,Causing injury,4
2015,Kelantan,Bachok,Murder,3
2015,Kelantan,Bachok,Rape,25
2015,Kelantan,Bachok,Robbery,8
2015,Kelantan,Bachok,Causing injury,51
2015,Kelantan,Gua Musang,Murder,2
2015,Kelantan,Gua Musang,Rape,6
2015,Kelantan,Gua Musang,Robbery,0
2015,Kelantan,Gua Musang,Causing injury,23
2015,Kelantan,Jeli,Murder,1
2015,Kelantan,Jeli,Rape,2
2015,Kelantan,Jeli,Robbery,2
2015,Kelantan,Jeli,Causing injury,7
2015,Kelantan,Kota Bharu,Murder,1
2015,Kelantan,Kota Bharu,Rape,33
2015,Kelantan,Kota Bharu,Robbery,99
2015,Kelantan,Kota Bharu,Causing injury,63
2015,Kelantan,Kuala Krai,Murder,0
2015,Kelantan,Kuala Krai,Rape,13
2015,Kelantan,Kuala Krai,Robbery,6
2015,Kelantan,Kuala Krai,Causing injury,17
2015,Kelantan,Machang,Murder,1
2015,Kelantan,Machang,Rape,14
2015,Kelantan,Machang,Robbery,14
2015,Kelantan,Machang,Causing injury,10
2015,Kelantan,Pasir Mas,Murder,1
2015,Kelantan,Pasir Mas,Rape,26
2015,Kelantan,Pasir Mas,Robbery,12
2015,Kelantan,Pasir Mas,Causing injury,37
2015,Kelantan,Pasir Puteh,Murder,2
2015,Kelantan,Pasir Puteh,Rape,23
2015,Kelantan,Pasir Puteh,Robbery,16
2015,Kelantan,Pasir Puteh,Causing injury,36
2015,Kelantan,Tanah Merah,Murder,0
2015,Kelantan,Tanah Merah,Rape,18
2015,Kelantan,Tanah Merah,Robbery,3
2015,Kelantan,Tanah Merah,Causing injury,14
2015,Kelantan,Tumpat,Murder,1
2015,Kelantan,Tumpat,Rape,20
2015,Kelantan,Tumpat,Robbery,16
2015,Kelantan,Tumpat,Causing injury,18
2015,Melaka,Alor Gajah,Murder,2
2015,Melaka,Alor Gajah,Rape,21
2015,Melaka,Alor Gajah,Robbery,38
2015,Melaka,Alor Gajah,Causing injury,31
2015,Melaka,Jasin,Murder,1
2015,Melaka,Jasin,Rape,15
2015,Melaka,Jasin,Robbery,27
2015,Melaka,Jasin,Causing injury,25
2015,Melaka,Melaka Tengah,Murder,5
2015,Melaka,Melaka Tengah,Rape,46
2015,Melaka,Melaka Tengah,Robbery,239
2015,Melaka,Melaka Tengah,Causing injury,136
2015,Negeri Sembilan,Jelebu,Murder,0
2015,Negeri Sembilan,Jelebu,Rape,3
2015,Negeri Sembilan,Jelebu,Robbery,18
2015,Negeri Sembilan,Jelebu,Causing injury,8
2015,Negeri Sembilan,Jempol,Murder,3
2015,Negeri Sembilan,Jempol,Rape,14
2015,Negeri Sembilan,Jempol,Robbery,37
2015,Negeri Sembilan,Jempol,Causing injury,29
2015,Negeri Sembilan,Kuala Pilah,Murder,0
2015,Negeri Sembilan,Kuala Pilah,Rape,9
2015,Negeri Sembilan,Kuala Pilah,Robbery,23
2015,Negeri Sembilan,Kuala Pilah,Causing injury,13
2015,Negeri Sembilan,Nilai,Murder,5
2015,Negeri Sembilan,Nilai,Rape,21
2015,Negeri Sembilan,Nilai,Robbery,306
2015,Negeri Sembilan,Nilai,Causing injury,57
2015,Negeri Sembilan,Port Dickson,Murder,4
2015,Negeri Sembilan,Port Dickson,Rape,22
2015,Negeri Sembilan,Port Dickson,Robbery,69
2015,Negeri Sembilan,Port Dickson,Causing injury,40
2015,Negeri Sembilan,Rembau,Murder,1
2015,Negeri Sembilan,Rembau,Rape,8
2015,Negeri Sembilan,Rembau,Robbery,20
2015,Negeri Sembilan,Rembau,Causing injury,12
2015,Negeri Sembilan,Seremban,Murder,6
2015,Negeri Sembilan,Seremban,Rape,31
2015,Negeri Sembilan,Seremban,Robbery,366
2015,Negeri Sembilan,Seremban,Causing injury,93
2015,Negeri Sembilan,Tampin,Murder,3
2015,Negeri Sembilan,Tampin,Rape,9
2015,Negeri Sembilan,Tampin,Robbery,38
2015,Negeri Sembilan,Tampin,Causing injury,11
2015,Pahang,Bentong,Murder,5
2015,Pahang,Bentong,Rape,11
2015,Pahang,Bentong,Robbery,38
2015,Pahang,Bentong,Causing injury,46
2015,Pahang,Bera,Murder,0
2015,Pahang,Bera,Rape,2
2015,Pahang,Bera,Robbery,17
2015,Pahang,Bera,Causing injury,19
2015,Pahang,Cameron Highland,Murder,0
2015,Pahang,Cameron Highland,Rape,2
2015,Pahang,Cameron Highland,Robbery,6
2015,Pahang,Cameron Highland,Causing injury,7
2015,Pahang,Jerantut,Murder,3
2015,Pahang,Jerantut,Rape,12
2015,Pahang,Jerantut,Robbery,12
2015,Pahang,Jerantut,Causing injury,16
2015,Pahang,Kuala Lipis,Murder,0
2015,Pahang,Kuala Lipis,Rape,2
2015,Pahang,Kuala Lipis,Robbery,6
2015,Pahang,Kuala Lipis,Causing injury,11
2015,Pahang,Kuantan,Murder,6
2015,Pahang,Kuantan,Rape,25
2015,Pahang,Kuantan,Robbery,159
2015,Pahang,Kuantan,Causing injury,73
2015,Pahang,Maran,Murder,1
2015,Pahang,Maran,Rape,7
2015,Pahang,Maran,Robbery,23
2015,Pahang,Maran,Causing injury,18
2015,Pahang,Pekan ,Murder,1
2015,Pahang,Pekan ,Rape,4
2015,Pahang,Pekan ,Robbery,8
2015,Pahang,Pekan ,Causing injury,6
2015,Pahang,Raub,Murder,0
2015,Pahang,Raub,Rape,2
2015,Pahang,Raub,Robbery,4
2015,Pahang,Raub,Causing injury,15
2015,Pahang,Rompin,Murder,1
2015,Pahang,Rompin,Rape,9
2015,Pahang,Rompin,Robbery,17
2015,Pahang,Rompin,Causing injury,17
2015,Pahang,Temerloh,Murder,1
2015,Pahang,Temerloh,Rape,18
2015,Pahang,Temerloh,Robbery,25
2015,Pahang,Temerloh,Causing injury,22
2015,Perak,Batu Gajah,Murder,1
2015,Perak,Batu Gajah,Rape,0
2015,Perak,Batu Gajah,Robbery,17
2015,Perak,Batu Gajah,Causing injury,8
2015,Perak,Gerik,Murder,1
2015,Perak,Gerik,Rape,6
2015,Perak,Gerik,Robbery,4
2015,Perak,Gerik,Causing injury,2
2015,Perak,Hilir Perak,Murder,3
2015,Perak,Hilir Perak,Rape,11
2015,Perak,Hilir Perak,Robbery,71
2015,Perak,Hilir Perak,Causing injury,67
2015,Perak,Ipoh,Murder,15
2015,Perak,Ipoh,Rape,16
2015,Perak,Ipoh,Robbery,411
2015,Perak,Ipoh,Causing injury,95
2015,Perak,Kampar,Murder,1
2015,Perak,Kampar,Rape,2
2015,Perak,Kampar,Robbery,30
2015,Perak,Kampar,Causing injury,15
2015,Perak,Kerian,Murder,2
2015,Perak,Kerian,Rape,5
2015,Perak,Kerian,Robbery,16
2015,Perak,Kerian,Causing injury,13
2015,Perak,Kuala Kangsar,Murder,2
2015,Perak,Kuala Kangsar,Rape,5
2015,Perak,Kuala Kangsar,Robbery,8
2015,Perak,Kuala Kangsar,Causing injury,10
2015,Perak,Manjung,Murder,6
2015,Perak,Manjung,Rape,11
2015,Perak,Manjung,Robbery,48
2015,Perak,Manjung,Causing injury,39
2015,Perak,Pengkalan Hulu,Murder,0
2015,Perak,Pengkalan Hulu,Rape,0
2015,Perak,Pengkalan Hulu,Robbery,6
2015,Perak,Pengkalan Hulu,Causing injury,0
2015,Perak,Perak Tengah,Murder,2
2015,Perak,Perak Tengah,Rape,6
2015,Perak,Perak Tengah,Robbery,11
2015,Perak,Perak Tengah,Causing injury,7
2015,Perak,Selama,Murder,1
2015,Perak,Selama,Rape,1
2015,Perak,Selama,Robbery,1
2015,Perak,Selama,Causing injury,2
2015,Perak,Sungai Siput,Murder,2
2015,Perak,Sungai Siput,Rape,5
2015,Perak,Sungai Siput,Robbery,20
2015,Perak,Sungai Siput,Causing injury,21
2015,Perak,Taiping,Murder,4
2015,Perak,Taiping,Rape,15
2015,Perak,Taiping,Robbery,87
2015,Perak,Taiping,Causing injury,65
2015,Perak,Tanjong Malim,Murder,3
2015,Perak,Tanjong Malim,Rape,3
2015,Perak,Tanjong Malim,Robbery,19
2015,Perak,Tanjong Malim,Causing injury,6
2015,Perak,Tapah,Murder,7
2015,Perak,Tapah,Rape,6
2015,Perak,Tapah,Robbery,25
2015,Perak,Tapah,Causing injury,22
2015,Perlis,Arau,Murder,0
2015,Perlis,Arau,Rape,10
2015,Perlis,Arau,Robbery,8
2015,Perlis,Arau,Causing injury,18
2015,Perlis,Kangar,Murder,1
2015,Perlis,Kangar,Rape,14
2015,Perlis,Kangar,Robbery,15
2015,Perlis,Kangar,Causing injury,53
2015,Perlis,Padang Besar,Murder,0
2015,Perlis,Padang Besar,Rape,7
2015,Perlis,Padang Besar,Robbery,2
2015,Perlis,Padang Besar,Causing injury,14
2015,Pulau Pinang,Barat Daya,Murder,1
2015,Pulau Pinang,Barat Daya,Rape,7
2015,Pulau Pinang,Barat Daya,Robbery,38
2015,Pulau Pinang,Barat Daya,Causing injury,27
2015,Pulau Pinang,Seberang Perai Selatan,Murder,5
2015,Pulau Pinang,Seberang Perai Selatan,Rape,12
2015,Pulau Pinang,Seberang Perai Selatan,Robbery,100
2015,Pulau Pinang,Seberang Perai Selatan,Causing injury,25
2015,Pulau Pinang,Seberang Perai Tengah ,Murder,10
2015,Pulau Pinang,Seberang Perai Tengah ,Rape,23
2015,Pulau Pinang,Seberang Perai Tengah ,Robbery,336
2015,Pulau Pinang,Seberang Perai Tengah ,Causing injury,100
2015,Pulau Pinang,Seberang Perai Utara ,Murder,3
2015,Pulau Pinang,Seberang Perai Utara ,Rape,19
2015,Pulau Pinang,Seberang Perai Utara ,Robbery,97
2015,Pulau Pinang,Seberang Perai Utara ,Causing injury,68
2015,Pulau Pinang,Timur Laut,Murder,12
2015,Pulau Pinang,Timur Laut,Rape,16
2015,Pulau Pinang,Timur Laut,Robbery,208
2015,Pulau Pinang,Timur Laut,Causing injury,104
2015,Sabah,Beaufort,Murder,1
2015,Sabah,Beaufort,Rape,11
2015,Sabah,Beaufort,Robbery,5
2015,Sabah,Beaufort,Causing injury,4
2015,Sabah,Beluran,Murder,1
2015,Sabah,Beluran,Rape,4
2015,Sabah,Beluran,Robbery,0
2015,Sabah,Beluran,Causing injury,6
2015,Sabah,Keningau,Murder,4
2015,Sabah,Keningau,Rape,20
2015,Sabah,Keningau,Robbery,8
2015,Sabah,Keningau,Causing injury,7
2015,Sabah,Kota Belud,Murder,0
2015,Sabah,Kota Belud,Rape,9
2015,Sabah,Kota Belud,Robbery,0
2015,Sabah,Kota Belud,Causing injury,9
2015,Sabah,Kota Kinabalu,Murder,7
2015,Sabah,Kota Kinabalu,Rape,53
2015,Sabah,Kota Kinabalu,Robbery,87
2015,Sabah,Kota Kinabalu,Causing injury,45
2015,Sabah,Kota Kinabatangan,Murder,4
2015,Sabah,Kota Kinabatangan,Rape,6
2015,Sabah,Kota Kinabatangan,Robbery,4
2015,Sabah,Kota Kinabatangan,Causing injury,14
2015,Sabah,Kota Marudu,Murder,0
2015,Sabah,Kota Marudu,Rape,13
2015,Sabah,Kota Marudu,Robbery,4
2015,Sabah,Kota Marudu,Causing injury,6
2015,Sabah,Kudat,Murder,0
2015,Sabah,Kudat,Rape,3
2015,Sabah,Kudat,Robbery,0
2015,Sabah,Kudat,Causing injury,2
2015,Sabah,Kunak,Murder,0
2015,Sabah,Kunak,Rape,3
2015,Sabah,Kunak,Robbery,5
2015,Sabah,Kunak,Causing injury,5
2015,Sabah,Lahad Datu,Murder,7
2015,Sabah,Lahad Datu,Rape,11
2015,Sabah,Lahad Datu,Robbery,23
2015,Sabah,Lahad Datu,Causing injury,17
2015,Sabah,Papar,Murder,1
2015,Sabah,Papar,Rape,4
2015,Sabah,Papar,Robbery,2
2015,Sabah,Papar,Causing injury,19
2015,Sabah,Penampang,Murder,1
2015,Sabah,Penampang,Rape,14
2015,Sabah,Penampang,Robbery,16
2015,Sabah,Penampang,Causing injury,19
2015,Sabah,Ranau,Murder,0
2015,Sabah,Ranau,Rape,5
2015,Sabah,Ranau,Robbery,4
2015,Sabah,Ranau,Causing injury,4
2015,Sabah,Sandakan,Murder,4
2015,Sabah,Sandakan,Rape,10
2015,Sabah,Sandakan,Robbery,30
2015,Sabah,Sandakan,Causing injury,12
2015,Sabah,Semporna,Murder,2
2015,Sabah,Semporna,Rape,13
2015,Sabah,Semporna,Robbery,4
2015,Sabah,Semporna,Causing injury,21
2015,Sabah,Sipitang,Murder,0
2015,Sabah,Sipitang,Rape,3
2015,Sabah,Sipitang,Robbery,3
2015,Sabah,Sipitang,Causing injury,6
2015,Sabah,Tawau,Murder,2
2015,Sabah,Tawau,Rape,7
2015,Sabah,Tawau,Robbery,62
2015,Sabah,Tawau,Causing injury,44
2015,Sabah,Tenom,Murder,0
2015,Sabah,Tenom,Rape,4
2015,Sabah,Tenom,Robbery,0
2015,Sabah,Tenom,Causing injury,5
2015,Sabah,Tuaran,Murder,2
2015,Sabah,Tuaran,Rape,12
2015,Sabah,Tuaran,Robbery,0
2015,Sabah,Tuaran,Causing injury,8
2015,W.P. Labuan,W.P. Labuan,Murder,0
2015,W.P. Labuan,W.P. Labuan,Rape,10
2015,W.P. Labuan,W.P. Labuan,Robbery,2
2015,W.P. Labuan,W.P. Labuan,Causing injury,10
2015,Sarawak,Bau,Murder,0
2015,Sarawak,Bau,Rape,4
2015,Sarawak,Bau,Robbery,1
2015,Sarawak,Bau,Causing injury,4
2015,Sarawak,Belaga,Murder,0
2015,Sarawak,Belaga,Rape,1
2015,Sarawak,Belaga,Robbery,0
2015,Sarawak,Belaga,Causing injury,8
2015,Sarawak,Betong,Murder,0
2015,Sarawak,Betong,Rape,0
2015,Sarawak,Betong,Robbery,2
2015,Sarawak,Betong,Causing injury,5
2015,Sarawak,Bintulu,Murder,7
2015,Sarawak,Bintulu,Rape,6
2015,Sarawak,Bintulu,Robbery,20
2015,Sarawak,Bintulu,Causing injury,42
2015,Sarawak,Dalat,Murder,0
2015,Sarawak,Dalat,Rape,2
2015,Sarawak,Dalat,Robbery,0
2015,Sarawak,Dalat,Causing injury,2
2015,Sarawak,Julau,Murder,0
2015,Sarawak,Julau,Rape,1
2015,Sarawak,Julau,Robbery,0
2015,Sarawak,Julau,Causing injury,4
2015,Sarawak,Kanowit,Murder,0
2015,Sarawak,Kanowit,Rape,1
2015,Sarawak,Kanowit,Robbery,0
2015,Sarawak,Kanowit,Causing injury,2
2015,Sarawak,Kapit,Murder,0
2015,Sarawak,Kapit,Rape,1
2015,Sarawak,Kapit,Robbery,0
2015,Sarawak,Kapit,Causing injury,9
2015,Sarawak,Kota Samarahan,Murder,2
2015,Sarawak,Kota Samarahan,Rape,11
2015,Sarawak,Kota Samarahan,Robbery,25
2015,Sarawak,Kota Samarahan,Causing injury,8
2015,Sarawak,Kuching,Murder,2
2015,Sarawak,Kuching,Rape,17
2015,Sarawak,Kuching,Robbery,106
2015,Sarawak,Kuching,Causing injury,78
2015,Sarawak,Lawas,Murder,1
2015,Sarawak,Lawas,Rape,1
2015,Sarawak,Lawas,Robbery,0
2015,Sarawak,Lawas,Causing injury,6
2015,Sarawak,Limbang,Murder,0
2015,Sarawak,Limbang,Rape,5
2015,Sarawak,Limbang,Robbery,1
2015,Sarawak,Limbang,Causing injury,9
2015,Sarawak,Lubok Antu,Murder,0
2015,Sarawak,Lubok Antu,Rape,1
2015,Sarawak,Lubok Antu,Robbery,1
2015,Sarawak,Lubok Antu,Causing injury,3
2015,Sarawak,Lundu,Murder,1
2015,Sarawak,Lundu,Rape,4
2015,Sarawak,Lundu,Robbery,3
2015,Sarawak,Lundu,Causing injury,3
2015,Sarawak,Marudi,Murder,2
2015,Sarawak,Marudi,Rape,8
2015,Sarawak,Marudi,Robbery,0
2015,Sarawak,Marudi,Causing injury,6
2015,Sarawak,Matu Daro ,Murder,1
2015,Sarawak,Matu Daro ,Rape,1
2015,Sarawak,Matu Daro ,Robbery,1
2015,Sarawak,Matu Daro ,Causing injury,5
2015,Sarawak,Meradong,Murder,0
2015,Sarawak,Meradong,Rape,0
2015,Sarawak,Meradong,Robbery,6
2015,Sarawak,Meradong,Causing injury,3
2015,Sarawak,Miri,Murder,9
2015,Sarawak,Miri,Rape,26
2015,Sarawak,Miri,Robbery,73
2015,Sarawak,Miri,Causing injury,48
2015,Sarawak,Mukah,Murder,3
2015,Sarawak,Mukah,Rape,1
2015,Sarawak,Mukah,Robbery,5
2015,Sarawak,Mukah,Causing injury,4
2015,Sarawak,Padawan,Murder,2
2015,Sarawak,Padawan,Rape,19
2015,Sarawak,Padawan,Robbery,27
2015,Sarawak,Padawan,Causing injury,28
2015,Sarawak,Saratok,Murder,0
2015,Sarawak,Saratok,Rape,0
2015,Sarawak,Saratok,Robbery,0
2015,Sarawak,Saratok,Causing injury,2
2015,Sarawak,Sarikei,Murder,0
2015,Sarawak,Sarikei,Rape,10
2015,Sarawak,Sarikei,Robbery,6
2015,Sarawak,Sarikei,Causing injury,12
2015,Sarawak,Serian,Murder,2
2015,Sarawak,Serian,Rape,10
2015,Sarawak,Serian,Robbery,10
2015,Sarawak,Serian,Causing injury,3
2015,Sarawak,Sibu,Murder,5
2015,Sarawak,Sibu,Rape,10
2015,Sarawak,Sibu,Robbery,15
2015,Sarawak,Sibu,Causing injury,57
2015,Sarawak,Simunjan,Murder,0
2015,Sarawak,Simunjan,Rape,2
2015,Sarawak,Simunjan,Robbery,2
2015,Sarawak,Simunjan,Causing injury,3
2015,Sarawak,Song,Murder,0
2015,Sarawak,Song,Rape,1
2015,Sarawak,Song,Robbery,0
2015,Sarawak,Song,Causing injury,1
2015,Sarawak,Sri Aman,Murder,0
2015,Sarawak,Sri Aman,Rape,2
2015,Sarawak,Sri Aman,Robbery,2
2015,Sarawak,Sri Aman,Causing injury,6
2015,Sarawak,Tatau,Murder,0
2015,Sarawak,Tatau,Rape,3
2015,Sarawak,Tatau,Robbery,0
2015,Sarawak,Tatau,Causing injury,1
2015,Selangor,Ampang Jaya ,Murder,6
2015,Selangor,Ampang Jaya ,Rape,31
2015,Selangor,Ampang Jaya ,Robbery,419
2015,Selangor,Ampang Jaya ,Causing injury,93
2015,Selangor,Gombak,Murder,11
2015,Selangor,Gombak,Rape,31
2015,Selangor,Gombak,Robbery,580
2015,Selangor,Gombak,Causing injury,138
2015,Selangor,Hulu Selangor,Murder,4
2015,Selangor,Hulu Selangor,Rape,14
2015,Selangor,Hulu Selangor,Robbery,57
2015,Selangor,Hulu Selangor,Causing injury,25
2015,Selangor,Kajang,Murder,16
2015,Selangor,Kajang,Rape,36
2015,Selangor,Kajang,Robbery,604
2015,Selangor,Kajang,Causing injury,141
2015,Selangor,Klang Selatan,Murder,14
2015,Selangor,Klang Selatan,Rape,22
2015,Selangor,Klang Selatan,Robbery,486
2015,Selangor,Klang Selatan,Causing injury,129
2015,Selangor,Klang Utara,Murder,16
2015,Selangor,Klang Utara,Rape,28
2015,Selangor,Klang Utara,Robbery,377
2015,Selangor,Klang Utara,Causing injury,96
2015,Selangor,Kuala Langat,Murder,11
2015,Selangor,Kuala Langat,Rape,14
2015,Selangor,Kuala Langat,Robbery,53
2015,Selangor,Kuala Langat,Causing injury,64
2015,Selangor,Kuala Selangor,Murder,5
2015,Selangor,Kuala Selangor,Rape,9
2015,Selangor,Kuala Selangor,Robbery,69
2015,Selangor,Kuala Selangor,Causing injury,35
2015,Selangor,Petaling Jaya,Murder,8
2015,Selangor,Petaling Jaya,Rape,22
2015,Selangor,Petaling Jaya,Robbery,971
2015,Selangor,Petaling Jaya,Causing injury,190
2015,Selangor,Sabak Bernam,Murder,2
2015,Selangor,Sabak Bernam,Rape,12
2015,Selangor,Sabak Bernam,Robbery,16
2015,Selangor,Sabak Bernam,Causing injury,24
2015,Selangor,Sepang,Murder,12
2015,Selangor,Sepang,Rape,14
2015,Selangor,Sepang,Robbery,160
2015,Selangor,Sepang,Causing injury,74
2015,Selangor,Serdang,Murder,7
2015,Selangor,Serdang,Rape,8
2015,Selangor,Serdang,Robbery,346
2015,Selangor,Serdang,Causing injury,65
2015,Selangor,Sg. Buloh,Murder,4
2015,Selangor,Sg. Buloh,Rape,16
2015,Selangor,Sg. Buloh,Robbery,205
2015,Selangor,Sg. Buloh,Causing injury,49
2015,Selangor,Shah Alam,Murder,12
2015,Selangor,Shah Alam,Rape,20
2015,Selangor,Shah Alam,Robbery,255
2015,Selangor,Shah Alam,Causing injury,49
2015,Selangor,Subang Jaya,Murder,9
2015,Selangor,Subang Jaya,Rape,32
2015,Selangor,Subang Jaya,Robbery,322
2015,Selangor,Subang Jaya,Causing injury,45
2015,Terengganu,Besut,Murder,0
2015,Terengganu,Besut,Rape,23
2015,Terengganu,Besut,Robbery,15
2015,Terengganu,Besut,Causing injury,20
2015,Terengganu,Dungun,Murder,2
2015,Terengganu,Dungun,Rape,13
2015,Terengganu,Dungun,Robbery,41
2015,Terengganu,Dungun,Causing injury,16
2015,Terengganu,Hulu Terengganu,Murder,1
2015,Terengganu,Hulu Terengganu,Rape,6
2015,Terengganu,Hulu Terengganu,Robbery,0
2015,Terengganu,Hulu Terengganu,Causing injury,5
2015,Terengganu,Kemaman,Murder,1
2015,Terengganu,Kemaman,Rape,16
2015,Terengganu,Kemaman,Robbery,5
2015,Terengganu,Kemaman,Causing injury,35
2015,Terengganu,Kuala Terengganu,Murder,3
2015,Terengganu,Kuala Terengganu,Rape,28
2015,Terengganu,Kuala Terengganu,Robbery,50
2015,Terengganu,Kuala Terengganu,Causing injury,33
2015,Terengganu,Marang,Murder,1
2015,Terengganu,Marang,Rape,14
2015,Terengganu,Marang,Robbery,12
2015,Terengganu,Marang,Causing injury,18
2015,Terengganu,Setiu,Murder,0
2015,Terengganu,Setiu,Rape,10
2015,Terengganu,Setiu,Robbery,2
2015,Terengganu,Setiu,Causing injury,7
2015,W.P. Kuala Lumpur,Brickfields ,Murder,2
2015,W.P. Kuala Lumpur,Brickfields ,Rape,16
2015,W.P. Kuala Lumpur,Brickfields ,Robbery,471
2015,W.P. Kuala Lumpur,Brickfields ,Causing injury,108
2015,W.P. Kuala Lumpur,Cheras ,Murder,8
2015,W.P. Kuala Lumpur,Cheras ,Rape,33
2015,W.P. Kuala Lumpur,Cheras ,Robbery,438
2015,W.P. Kuala Lumpur,Cheras ,Causing injury,85
2015,W.P. Kuala Lumpur,Dang Wangi ,Murder,9
2015,W.P. Kuala Lumpur,Dang Wangi ,Rape,22
2015,W.P. Kuala Lumpur,Dang Wangi ,Robbery,781
2015,W.P. Kuala Lumpur,Dang Wangi ,Causing injury,189
2015,W.P. Kuala Lumpur,Sentul ,Murder,11
2015,W.P. Kuala Lumpur,Sentul ,Rape,24
2015,W.P. Kuala Lumpur,Sentul ,Robbery,613
2015,W.P. Kuala Lumpur,Sentul ,Causing injury,244
2015,W.P. Kuala Lumpur,Wangsa Maju ,Murder,5
2015,W.P. Kuala Lumpur,Wangsa Maju ,Rape,24
2015,W.P. Kuala Lumpur,Wangsa Maju ,Robbery,473
2015,W.P. Kuala Lumpur,Wangsa Maju ,Causing injury,90
2015,W.P. Putrajaya ,W.P. Putrajaya ,Murder,0
2015,W.P. Putrajaya ,W.P. Putrajaya ,Rape,4
2015,W.P. Putrajaya ,W.P. Putrajaya ,Robbery,13
2015,W.P. Putrajaya ,W.P. Putrajaya ,Causing injury,9
2016,Johor,Batu Pahat,Murder,6
2016,Johor,Batu Pahat,Rape,29
2016,Johor,Batu Pahat,Robbery,86
2016,Johor,Batu Pahat,Causing injury,39
2016,Johor,Iskandar Puteri,Murder,0
2016,Johor,Iskandar Puteri,Rape,0
2016,Johor,Iskandar Puteri,Robbery,0
2016,Johor,Iskandar Puteri,Causing injury,0
2016,Johor,Johor Bahru Selatan,Murder,15
2016,Johor,Johor Bahru Selatan,Rape,42
2016,Johor,Johor Bahru Selatan,Robbery,720
2016,Johor,Johor Bahru Selatan,Causing injury,200
2016,Johor,Johor Bahru Utara,Murder,7
2016,Johor,Johor Bahru Utara,Rape,23
2016,Johor,Johor Bahru Utara,Robbery,369
2016,Johor,Johor Bahru Utara,Causing injury,129
2016,Johor,Kluang,Murder,4
2016,Johor,Kluang,Rape,37
2016,Johor,Kluang,Robbery,57
2016,Johor,Kluang,Causing injury,58
2016,Johor,Kota Tinggi,Murder,8
2016,Johor,Kota Tinggi,Rape,19
2016,Johor,Kota Tinggi,Robbery,71
2016,Johor,Kota Tinggi,Causing injury,11
2016,Johor,Kulaijaya,Murder,7
2016,Johor,Kulaijaya,Rape,4
2016,Johor,Kulaijaya,Robbery,98
2016,Johor,Kulaijaya,Causing injury,47
2016,Johor,Ledang,Murder,1
2016,Johor,Ledang,Rape,12
2016,Johor,Ledang,Robbery,20
2016,Johor,Ledang,Causing injury,17
2016,Johor,Mersing,Murder,1
2016,Johor,Mersing,Rape,9
2016,Johor,Mersing,Robbery,25
2016,Johor,Mersing,Causing injury,7
2016,Johor,Muar,Murder,7
2016,Johor,Muar,Rape,12
2016,Johor,Muar,Robbery,18
2016,Johor,Muar,Causing injury,19
2016,Johor,Nusajaya,Murder,3
2016,Johor,Nusajaya,Rape,21
2016,Johor,Nusajaya,Robbery,96
2016,Johor,Nusajaya,Causing injury,73
2016,Johor,Pontian,Murder,2
2016,Johor,Pontian,Rape,23
2016,Johor,Pontian,Robbery,17
2016,Johor,Pontian,Causing injury,21
2016,Johor,Segamat,Murder,1
2016,Johor,Segamat,Rape,11
2016,Johor,Segamat,Robbery,26
2016,Johor,Segamat,Causing injury,19
2016,Johor,Seri Alam,Murder,8
2016,Johor,Seri Alam,Rape,32
2016,Johor,Seri Alam,Robbery,165
2016,Johor,Seri Alam,Causing injury,68
2016,Kedah,Baling ,Murder,2
2016,Kedah,Baling ,Rape,8
2016,Kedah,Baling ,Robbery,28
2016,Kedah,Baling ,Causing injury,31
2016,Kedah,Bandar Bharu ,Murder,0
2016,Kedah,Bandar Bharu ,Rape,1
2016,Kedah,Bandar Bharu ,Robbery,12
2016,Kedah,Bandar Bharu ,Causing injury,7
2016,Kedah,Kota Setar ,Murder,2
2016,Kedah,Kota Setar ,Rape,37
2016,Kedah,Kota Setar ,Robbery,210
2016,Kedah,Kota Setar ,Causing injury,94
2016,Kedah,Kuala Muda ,Murder,6
2016,Kedah,Kuala Muda ,Rape,29
2016,Kedah,Kuala Muda ,Robbery,222
2016,Kedah,Kuala Muda ,Causing injury,108
2016,Kedah,Kubang Pasu ,Murder,1
2016,Kedah,Kubang Pasu ,Rape,20
2016,Kedah,Kubang Pasu ,Robbery,51
2016,Kedah,Kubang Pasu ,Causing injury,46
2016,Kedah,Kulim ,Murder,4
2016,Kedah,Kulim ,Rape,24
2016,Kedah,Kulim ,Robbery,75
2016,Kedah,Kulim ,Causing injury,46
2016,Kedah,Langkawi ,Murder,1
2016,Kedah,Langkawi ,Rape,16
2016,Kedah,Langkawi ,Robbery,11
2016,Kedah,Langkawi ,Causing injury,31
2016,Kedah,Padang Terap ,Murder,1
2016,Kedah,Padang Terap ,Rape,10
2016,Kedah,Padang Terap ,Robbery,6
2016,Kedah,Padang Terap ,Causing injury,9
2016,Kedah,Pendang ,Murder,0
2016,Kedah,Pendang ,Rape,7
2016,Kedah,Pendang ,Robbery,29
2016,Kedah,Pendang ,Causing injury,14
2016,Kedah,Sik ,Murder,0
2016,Kedah,Sik ,Rape,11
2016,Kedah,Sik ,Robbery,4
2016,Kedah,Sik ,Causing injury,5
2016,Kedah,Yan ,Murder,0
2016,Kedah,Yan ,Rape,2
2016,Kedah,Yan ,Robbery,11
2016,Kedah,Yan ,Causing injury,7
2016,Kelantan,Bachok,Murder,1
2016,Kelantan,Bachok,Rape,21
2016,Kelantan,Bachok,Robbery,9
2016,Kelantan,Bachok,Causing injury,54
2016,Kelantan,Gua Musang,Murder,3
2016,Kelantan,Gua Musang,Rape,8
2016,Kelantan,Gua Musang,Robbery,3
2016,Kelantan,Gua Musang,Causing injury,27
2016,Kelantan,Jeli,Murder,0
2016,Kelantan,Jeli,Rape,5
2016,Kelantan,Jeli,Robbery,1
2016,Kelantan,Jeli,Causing injury,2
2016,Kelantan,Kota Bharu,Murder,0
2016,Kelantan,Kota Bharu,Rape,35
2016,Kelantan,Kota Bharu,Robbery,34
2016,Kelantan,Kota Bharu,Causing injury,58
2016,Kelantan,Kuala Krai,Murder,1
2016,Kelantan,Kuala Krai,Rape,15
2016,Kelantan,Kuala Krai,Robbery,7
2016,Kelantan,Kuala Krai,Causing injury,24
2016,Kelantan,Machang,Murder,0
2016,Kelantan,Machang,Rape,7
2016,Kelantan,Machang,Robbery,4
2016,Kelantan,Machang,Causing injury,11
2016,Kelantan,Pasir Mas,Murder,3
2016,Kelantan,Pasir Mas,Rape,21
2016,Kelantan,Pasir Mas,Robbery,9
2016,Kelantan,Pasir Mas,Causing injury,32
2016,Kelantan,Pasir Puteh,Murder,0
2016,Kelantan,Pasir Puteh,Rape,12
2016,Kelantan,Pasir Puteh,Robbery,17
2016,Kelantan,Pasir Puteh,Causing injury,36
2016,Kelantan,Tanah Merah,Murder,1
2016,Kelantan,Tanah Merah,Rape,10
2016,Kelantan,Tanah Merah,Robbery,1
2016,Kelantan,Tanah Merah,Causing injury,22
2016,Kelantan,Tumpat,Murder,1
2016,Kelantan,Tumpat,Rape,10
2016,Kelantan,Tumpat,Robbery,13
2016,Kelantan,Tumpat,Causing injury,25
2016,Melaka,Alor Gajah,Murder,4
2016,Melaka,Alor Gajah,Rape,10
2016,Melaka,Alor Gajah,Robbery,71
2016,Melaka,Alor Gajah,Causing injury,30
2016,Melaka,Jasin,Murder,4
2016,Melaka,Jasin,Rape,8
2016,Melaka,Jasin,Robbery,31
2016,Melaka,Jasin,Causing injury,13
2016,Melaka,Melaka Tengah,Murder,5
2016,Melaka,Melaka Tengah,Rape,42
2016,Melaka,Melaka Tengah,Robbery,786
2016,Melaka,Melaka Tengah,Causing injury,150
2016,Negeri Sembilan,Jelebu,Murder,0
2016,Negeri Sembilan,Jelebu,Rape,4
2016,Negeri Sembilan,Jelebu,Robbery,8
2016,Negeri Sembilan,Jelebu,Causing injury,6
2016,Negeri Sembilan,Jempol,Murder,0
2016,Negeri Sembilan,Jempol,Rape,16
2016,Negeri Sembilan,Jempol,Robbery,22
2016,Negeri Sembilan,Jempol,Causing injury,23
2016,Negeri Sembilan,Kuala Pilah,Murder,0
2016,Negeri Sembilan,Kuala Pilah,Rape,10
2016,Negeri Sembilan,Kuala Pilah,Robbery,24
2016,Negeri Sembilan,Kuala Pilah,Causing injury,21
2016,Negeri Sembilan,Nilai,Murder,6
2016,Negeri Sembilan,Nilai,Rape,16
2016,Negeri Sembilan,Nilai,Robbery,275
2016,Negeri Sembilan,Nilai,Causing injury,62
2016,Negeri Sembilan,Port Dickson,Murder,2
2016,Negeri Sembilan,Port Dickson,Rape,10
2016,Negeri Sembilan,Port Dickson,Robbery,56
2016,Negeri Sembilan,Port Dickson,Causing injury,42
2016,Negeri Sembilan,Rembau,Murder,2
2016,Negeri Sembilan,Rembau,Rape,4
2016,Negeri Sembilan,Rembau,Robbery,14
2016,Negeri Sembilan,Rembau,Causing injury,12
2016,Negeri Sembilan,Seremban,Murder,7
2016,Negeri Sembilan,Seremban,Rape,36
2016,Negeri Sembilan,Seremban,Robbery,270
2016,Negeri Sembilan,Seremban,Causing injury,73
2016,Negeri Sembilan,Tampin,Murder,0
2016,Negeri Sembilan,Tampin,Rape,11
2016,Negeri Sembilan,Tampin,Robbery,32
2016,Negeri Sembilan,Tampin,Causing injury,20
2016,Pahang,Bentong,Murder,2
2016,Pahang,Bentong,Rape,3
2016,Pahang,Bentong,Robbery,29
2016,Pahang,Bentong,Causing injury,33
2016,Pahang,Bera,Murder,0
2016,Pahang,Bera,Rape,9
2016,Pahang,Bera,Robbery,16
2016,Pahang,Bera,Causing injury,6
2016,Pahang,Cameron Highland,Murder,1
2016,Pahang,Cameron Highland,Rape,2
2016,Pahang,Cameron Highland,Robbery,6
2016,Pahang,Cameron Highland,Causing injury,10
2016,Pahang,Jerantut,Murder,2
2016,Pahang,Jerantut,Rape,9
2016,Pahang,Jerantut,Robbery,15
2016,Pahang,Jerantut,Causing injury,21
2016,Pahang,Kuala Lipis,Murder,1
2016,Pahang,Kuala Lipis,Rape,8
2016,Pahang,Kuala Lipis,Robbery,3
2016,Pahang,Kuala Lipis,Causing injury,9
2016,Pahang,Kuantan,Murder,5
2016,Pahang,Kuantan,Rape,43
2016,Pahang,Kuantan,Robbery,138
2016,Pahang,Kuantan,Causing injury,71
2016,Pahang,Maran,Murder,1
2016,Pahang,Maran,Rape,8
2016,Pahang,Maran,Robbery,25
2016,Pahang,Maran,Causing injury,10
2016,Pahang,Pekan ,Murder,1
2016,Pahang,Pekan ,Rape,8
2016,Pahang,Pekan ,Robbery,5
2016,Pahang,Pekan ,Causing injury,5
2016,Pahang,Raub,Murder,2
2016,Pahang,Raub,Rape,7
2016,Pahang,Raub,Robbery,2
2016,Pahang,Raub,Causing injury,12
2016,Pahang,Rompin,Murder,0
2016,Pahang,Rompin,Rape,19
2016,Pahang,Rompin,Robbery,10
2016,Pahang,Rompin,Causing injury,15
2016,Pahang,Temerloh,Murder,0
2016,Pahang,Temerloh,Rape,18
2016,Pahang,Temerloh,Robbery,44
2016,Pahang,Temerloh,Causing injury,17
2016,Perak,Batu Gajah,Murder,2
2016,Perak,Batu Gajah,Rape,2
2016,Perak,Batu Gajah,Robbery,20
2016,Perak,Batu Gajah,Causing injury,4
2016,Perak,Gerik,Murder,1
2016,Perak,Gerik,Rape,5
2016,Perak,Gerik,Robbery,3
2016,Perak,Gerik,Causing injury,6
2016,Perak,Hilir Perak,Murder,6
2016,Perak,Hilir Perak,Rape,12
2016,Perak,Hilir Perak,Robbery,56
2016,Perak,Hilir Perak,Causing injury,65
2016,Perak,Ipoh,Murder,13
2016,Perak,Ipoh,Rape,14
2016,Perak,Ipoh,Robbery,363
2016,Perak,Ipoh,Causing injury,120
2016,Perak,Kampar,Murder,1
2016,Perak,Kampar,Rape,2
2016,Perak,Kampar,Robbery,27
2016,Perak,Kampar,Causing injury,11
2016,Perak,Kerian,Murder,2
2016,Perak,Kerian,Rape,3
2016,Perak,Kerian,Robbery,31
2016,Perak,Kerian,Causing injury,14
2016,Perak,Kuala Kangsar,Murder,1
2016,Perak,Kuala Kangsar,Rape,6
2016,Perak,Kuala Kangsar,Robbery,12
2016,Perak,Kuala Kangsar,Causing injury,7
2016,Perak,Manjung,Murder,5
2016,Perak,Manjung,Rape,14
2016,Perak,Manjung,Robbery,44
2016,Perak,Manjung,Causing injury,42
2016,Perak,Pengkalan Hulu,Murder,0
2016,Perak,Pengkalan Hulu,Rape,0
2016,Perak,Pengkalan Hulu,Robbery,1
2016,Perak,Pengkalan Hulu,Causing injury,0
2016,Perak,Perak Tengah,Murder,1
2016,Perak,Perak Tengah,Rape,3
2016,Perak,Perak Tengah,Robbery,7
2016,Perak,Perak Tengah,Causing injury,9
2016,Perak,Selama,Murder,0
2016,Perak,Selama,Rape,3
2016,Perak,Selama,Robbery,4
2016,Perak,Selama,Causing injury,2
2016,Perak,Sungai Siput,Murder,2
2016,Perak,Sungai Siput,Rape,3
2016,Perak,Sungai Siput,Robbery,17
2016,Perak,Sungai Siput,Causing injury,12
2016,Perak,Taiping,Murder,7
2016,Perak,Taiping,Rape,19
2016,Perak,Taiping,Robbery,99
2016,Perak,Taiping,Causing injury,87
2016,Perak,Tanjong Malim,Murder,0
2016,Perak,Tanjong Malim,Rape,2
2016,Perak,Tanjong Malim,Robbery,28
2016,Perak,Tanjong Malim,Causing injury,14
2016,Perak,Tapah,Murder,1
2016,Perak,Tapah,Rape,8
2016,Perak,Tapah,Robbery,33
2016,Perak,Tapah,Causing injury,19
2016,Perlis,Arau,Murder,0
2016,Perlis,Arau,Rape,12
2016,Perlis,Arau,Robbery,7
2016,Perlis,Arau,Causing injury,15
2016,Perlis,Kangar,Murder,0
2016,Perlis,Kangar,Rape,12
2016,Perlis,Kangar,Robbery,16
2016,Perlis,Kangar,Causing injury,25
2016,Perlis,Padang Besar,Murder,0
2016,Perlis,Padang Besar,Rape,7
2016,Perlis,Padang Besar,Robbery,3
2016,Perlis,Padang Besar,Causing injury,12
2016,Pulau Pinang,Barat Daya,Murder,3
2016,Pulau Pinang,Barat Daya,Rape,11
2016,Pulau Pinang,Barat Daya,Robbery,45
2016,Pulau Pinang,Barat Daya,Causing injury,31
2016,Pulau Pinang,Seberang Perai Selatan,Murder,3
2016,Pulau Pinang,Seberang Perai Selatan,Rape,10
2016,Pulau Pinang,Seberang Perai Selatan,Robbery,83
2016,Pulau Pinang,Seberang Perai Selatan,Causing injury,39
2016,Pulau Pinang,Seberang Perai Tengah ,Murder,8
2016,Pulau Pinang,Seberang Perai Tengah ,Rape,23
2016,Pulau Pinang,Seberang Perai Tengah ,Robbery,220
2016,Pulau Pinang,Seberang Perai Tengah ,Causing injury,87
2016,Pulau Pinang,Seberang Perai Utara ,Murder,4
2016,Pulau Pinang,Seberang Perai Utara ,Rape,11
2016,Pulau Pinang,Seberang Perai Utara ,Robbery,107
2016,Pulau Pinang,Seberang Perai Utara ,Causing injury,44
2016,Pulau Pinang,Timur Laut,Murder,10
2016,Pulau Pinang,Timur Laut,Rape,10
2016,Pulau Pinang,Timur Laut,Robbery,178
2016,Pulau Pinang,Timur Laut,Causing injury,111
2016,Sabah,Beaufort,Murder,1
2016,Sabah,Beaufort,Rape,11
2016,Sabah,Beaufort,Robbery,2
2016,Sabah,Beaufort,Causing injury,2
2016,Sabah,Beluran,Murder,5
2016,Sabah,Beluran,Rape,4
2016,Sabah,Beluran,Robbery,2
2016,Sabah,Beluran,Causing injury,5
2016,Sabah,Keningau,Murder,6
2016,Sabah,Keningau,Rape,32
2016,Sabah,Keningau,Robbery,6
2016,Sabah,Keningau,Causing injury,14
2016,Sabah,Kota Belud,Murder,0
2016,Sabah,Kota Belud,Rape,9
2016,Sabah,Kota Belud,Robbery,4
2016,Sabah,Kota Belud,Causing injury,9
2016,Sabah,Kota Kinabalu,Murder,6
2016,Sabah,Kota Kinabalu,Rape,29
2016,Sabah,Kota Kinabalu,Robbery,42
2016,Sabah,Kota Kinabalu,Causing injury,30
2016,Sabah,Kota Kinabatangan,Murder,8
2016,Sabah,Kota Kinabatangan,Rape,4
2016,Sabah,Kota Kinabatangan,Robbery,2
2016,Sabah,Kota Kinabatangan,Causing injury,4
2016,Sabah,Kota Marudu,Murder,3
2016,Sabah,Kota Marudu,Rape,7
2016,Sabah,Kota Marudu,Robbery,1
2016,Sabah,Kota Marudu,Causing injury,7
2016,Sabah,Kudat,Murder,2
2016,Sabah,Kudat,Rape,1
2016,Sabah,Kudat,Robbery,3
2016,Sabah,Kudat,Causing injury,2
2016,Sabah,Kunak,Murder,0
2016,Sabah,Kunak,Rape,4
2016,Sabah,Kunak,Robbery,3
2016,Sabah,Kunak,Causing injury,5
2016,Sabah,Lahad Datu,Murder,9
2016,Sabah,Lahad Datu,Rape,6
2016,Sabah,Lahad Datu,Robbery,23
2016,Sabah,Lahad Datu,Causing injury,11
2016,Sabah,Papar,Murder,2
2016,Sabah,Papar,Rape,4
2016,Sabah,Papar,Robbery,1
2016,Sabah,Papar,Causing injury,13
2016,Sabah,Penampang,Murder,1
2016,Sabah,Penampang,Rape,15
2016,Sabah,Penampang,Robbery,13
2016,Sabah,Penampang,Causing injury,19
2016,Sabah,Ranau,Murder,1
2016,Sabah,Ranau,Rape,10
2016,Sabah,Ranau,Robbery,0
2016,Sabah,Ranau,Causing injury,9
2016,Sabah,Sandakan,Murder,4
2016,Sabah,Sandakan,Rape,1
2016,Sabah,Sandakan,Robbery,31
2016,Sabah,Sandakan,Causing injury,10
2016,Sabah,Semporna,Murder,1
2016,Sabah,Semporna,Rape,6
2016,Sabah,Semporna,Robbery,7
2016,Sabah,Semporna,Causing injury,13
2016,Sabah,Sipitang,Murder,1
2016,Sabah,Sipitang,Rape,6
2016,Sabah,Sipitang,Robbery,1
2016,Sabah,Sipitang,Causing injury,8
2016,Sabah,Tawau,Murder,6
2016,Sabah,Tawau,Rape,17
2016,Sabah,Tawau,Robbery,35
2016,Sabah,Tawau,Causing injury,27
2016,Sabah,Tenom,Murder,0
2016,Sabah,Tenom,Rape,9
2016,Sabah,Tenom,Robbery,0
2016,Sabah,Tenom,Causing injury,2
2016,Sabah,Tuaran,Murder,2
2016,Sabah,Tuaran,Rape,12
2016,Sabah,Tuaran,Robbery,2
2016,Sabah,Tuaran,Causing injury,10
2016,W.P. Labuan,W.P. Labuan,Murder,2
2016,W.P. Labuan,W.P. Labuan,Rape,6
2016,W.P. Labuan,W.P. Labuan,Robbery,3
2016,W.P. Labuan,W.P. Labuan,Causing injury,13
2016,Sarawak,Sarawak,Murder,27
2016,Sarawak,Sarawak,Rape,138
2016,Sarawak,Sarawak,Robbery,374
2016,Sarawak,Sarawak,Causing injury,414
2016,Sarawak,Bau,Murder,2
2016,Sarawak,Bau,Rape,1
2016,Sarawak,Bau,Robbery,6
2016,Sarawak,Bau,Causing injury,5
2016,Sarawak,Belaga,Murder,2
2016,Sarawak,Belaga,Rape,9
2016,Sarawak,Belaga,Robbery,0
2016,Sarawak,Belaga,Causing injury,6
2016,Sarawak,Betong,Murder,0
2016,Sarawak,Betong,Rape,2
2016,Sarawak,Betong,Robbery,2
2016,Sarawak,Betong,Causing injury,3
2016,Sarawak,Bintulu,Murder,3
2016,Sarawak,Bintulu,Rape,19
2016,Sarawak,Bintulu,Robbery,18
2016,Sarawak,Bintulu,Causing injury,32
2016,Sarawak,Dalat,Murder,0
2016,Sarawak,Dalat,Rape,0
2016,Sarawak,Dalat,Robbery,1
2016,Sarawak,Dalat,Causing injury,2
2016,Sarawak,Julau,Murder,0
2016,Sarawak,Julau,Rape,1
2016,Sarawak,Julau,Robbery,0
2016,Sarawak,Julau,Causing injury,2
2016,Sarawak,Kanowit,Murder,0
2016,Sarawak,Kanowit,Rape,1
2016,Sarawak,Kanowit,Robbery,0
2016,Sarawak,Kanowit,Causing injury,1
2016,Sarawak,Kapit,Murder,0
2016,Sarawak,Kapit,Rape,8
2016,Sarawak,Kapit,Robbery,0
2016,Sarawak,Kapit,Causing injury,8
2016,Sarawak,Kota Samarahan,Murder,3
2016,Sarawak,Kota Samarahan,Rape,3
2016,Sarawak,Kota Samarahan,Robbery,23
2016,Sarawak,Kota Samarahan,Causing injury,16
2016,Sarawak,Kuching,Murder,1
2016,Sarawak,Kuching,Rape,12
2016,Sarawak,Kuching,Robbery,115
2016,Sarawak,Kuching,Causing injury,75
2016,Sarawak,Lawas,Murder,0
2016,Sarawak,Lawas,Rape,2
2016,Sarawak,Lawas,Robbery,3
2016,Sarawak,Lawas,Causing injury,3
2016,Sarawak,Limbang,Murder,0
2016,Sarawak,Limbang,Rape,5
2016,Sarawak,Limbang,Robbery,2
2016,Sarawak,Limbang,Causing injury,11
2016,Sarawak,Lubok Antu,Murder,0
2016,Sarawak,Lubok Antu,Rape,0
2016,Sarawak,Lubok Antu,Robbery,1
2016,Sarawak,Lubok Antu,Causing injury,5
2016,Sarawak,Lundu,Murder,0
2016,Sarawak,Lundu,Rape,1
2016,Sarawak,Lundu,Robbery,8
2016,Sarawak,Lundu,Causing injury,6
2016,Sarawak,Marudi,Murder,1
2016,Sarawak,Marudi,Rape,4
2016,Sarawak,Marudi,Robbery,1
2016,Sarawak,Marudi,Causing injury,20
2016,Sarawak,Matu Daro ,Murder,1
2016,Sarawak,Matu Daro ,Rape,3
2016,Sarawak,Matu Daro ,Robbery,1
2016,Sarawak,Matu Daro ,Causing injury,3
2016,Sarawak,Meradong,Murder,0
2016,Sarawak,Meradong,Rape,1
2016,Sarawak,Meradong,Robbery,3
2016,Sarawak,Meradong,Causing injury,3
2016,Sarawak,Miri,Murder,2
2016,Sarawak,Miri,Rape,18
2016,Sarawak,Miri,Robbery,83
2016,Sarawak,Miri,Causing injury,84
2016,Sarawak,Mukah,Murder,2
2016,Sarawak,Mukah,Rape,3
2016,Sarawak,Mukah,Robbery,6
2016,Sarawak,Mukah,Causing injury,6
2016,Sarawak,Padawan,Murder,2
2016,Sarawak,Padawan,Rape,19
2016,Sarawak,Padawan,Robbery,55
2016,Sarawak,Padawan,Causing injury,29
2016,Sarawak,Saratok,Murder,0
2016,Sarawak,Saratok,Rape,0
2016,Sarawak,Saratok,Robbery,0
2016,Sarawak,Saratok,Causing injury,1
2016,Sarawak,Sarikei,Murder,0
2016,Sarawak,Sarikei,Rape,3
2016,Sarawak,Sarikei,Robbery,7
2016,Sarawak,Sarikei,Causing injury,16
2016,Sarawak,Serian,Murder,0
2016,Sarawak,Serian,Rape,2
2016,Sarawak,Serian,Robbery,7
2016,Sarawak,Serian,Causing injury,10
2016,Sarawak,Sibu,Murder,7
2016,Sarawak,Sibu,Rape,12
2016,Sarawak,Sibu,Robbery,28
2016,Sarawak,Sibu,Causing injury,57
2016,Sarawak,Simunjan,Murder,0
2016,Sarawak,Simunjan,Rape,4
2016,Sarawak,Simunjan,Robbery,1
2016,Sarawak,Simunjan,Causing injury,2
2016,Sarawak,Song,Murder,0
2016,Sarawak,Song,Rape,1
2016,Sarawak,Song,Robbery,1
2016,Sarawak,Song,Causing injury,1
2016,Sarawak,Sri Aman,Murder,0
2016,Sarawak,Sri Aman,Rape,2
2016,Sarawak,Sri Aman,Robbery,2
2016,Sarawak,Sri Aman,Causing injury,5
2016,Sarawak,Tatau,Murder,1
2016,Sarawak,Tatau,Rape,2
2016,Sarawak,Tatau,Robbery,0
2016,Sarawak,Tatau,Causing injury,2
2016,Selangor,Ampang Jaya ,Murder,5
2016,Selangor,Ampang Jaya ,Rape,30
2016,Selangor,Ampang Jaya ,Robbery,454
2016,Selangor,Ampang Jaya ,Causing injury,66
2016,Selangor,Gombak,Murder,11
2016,Selangor,Gombak,Rape,39
2016,Selangor,Gombak,Robbery,663
2016,Selangor,Gombak,Causing injury,141
2016,Selangor,Hulu Selangor,Murder,5
2016,Selangor,Hulu Selangor,Rape,18
2016,Selangor,Hulu Selangor,Robbery,47
2016,Selangor,Hulu Selangor,Causing injury,18
2016,Selangor,Kajang,Murder,11
2016,Selangor,Kajang,Rape,24
2016,Selangor,Kajang,Robbery,529
2016,Selangor,Kajang,Causing injury,137
2016,Selangor,Klang Selatan,Murder,13
2016,Selangor,Klang Selatan,Rape,37
2016,Selangor,Klang Selatan,Robbery,460
2016,Selangor,Klang Selatan,Causing injury,160
2016,Selangor,Klang Utara,Murder,13
2016,Selangor,Klang Utara,Rape,17
2016,Selangor,Klang Utara,Robbery,319
2016,Selangor,Klang Utara,Causing injury,90
2016,Selangor,Kuala Langat,Murder,6
2016,Selangor,Kuala Langat,Rape,8
2016,Selangor,Kuala Langat,Robbery,87
2016,Selangor,Kuala Langat,Causing injury,57
2016,Selangor,Kuala Selangor,Murder,3
2016,Selangor,Kuala Selangor,Rape,18
2016,Selangor,Kuala Selangor,Robbery,83
2016,Selangor,Kuala Selangor,Causing injury,24
2016,Selangor,Petaling Jaya,Murder,9
2016,Selangor,Petaling Jaya,Rape,19
2016,Selangor,Petaling Jaya,Robbery,1020
2016,Selangor,Petaling Jaya,Causing injury,256
2016,Selangor,Sabak Bernam,Murder,3
2016,Selangor,Sabak Bernam,Rape,10
2016,Selangor,Sabak Bernam,Robbery,24
2016,Selangor,Sabak Bernam,Causing injury,30
2016,Selangor,Sepang,Murder,5
2016,Selangor,Sepang,Rape,18
2016,Selangor,Sepang,Robbery,155
2016,Selangor,Sepang,Causing injury,80
2016,Selangor,Serdang,Murder,3
2016,Selangor,Serdang,Rape,13
2016,Selangor,Serdang,Robbery,362
2016,Selangor,Serdang,Causing injury,55
2016,Selangor,Sg. Buloh,Murder,4
2016,Selangor,Sg. Buloh,Rape,20
2016,Selangor,Sg. Buloh,Robbery,238
2016,Selangor,Sg. Buloh,Causing injury,44
2016,Selangor,Shah Alam,Murder,8
2016,Selangor,Shah Alam,Rape,7
2016,Selangor,Shah Alam,Robbery,217
2016,Selangor,Shah Alam,Causing injury,48
2016,Selangor,Subang Jaya,Murder,6
2016,Selangor,Subang Jaya,Rape,27
2016,Selangor,Subang Jaya,Robbery,283
2016,Selangor,Subang Jaya,Causing injury,54
2016,Terengganu,Besut,Murder,1
2016,Terengganu,Besut,Rape,13
2016,Terengganu,Besut,Robbery,25
2016,Terengganu,Besut,Causing injury,48
2016,Terengganu,Dungun,Murder,3
2016,Terengganu,Dungun,Rape,12
2016,Terengganu,Dungun,Robbery,29
2016,Terengganu,Dungun,Causing injury,39
2016,Terengganu,Hulu Terengganu,Murder,0
2016,Terengganu,Hulu Terengganu,Rape,5
2016,Terengganu,Hulu Terengganu,Robbery,9
2016,Terengganu,Hulu Terengganu,Causing injury,12
2016,Terengganu,Kemaman,Murder,4
2016,Terengganu,Kemaman,Rape,14
2016,Terengganu,Kemaman,Robbery,25
2016,Terengganu,Kemaman,Causing injury,12
2016,Terengganu,Kuala Terengganu,Murder,1
2016,Terengganu,Kuala Terengganu,Rape,16
2016,Terengganu,Kuala Terengganu,Robbery,46
2016,Terengganu,Kuala Terengganu,Causing injury,36
2016,Terengganu,Marang,Murder,1
2016,Terengganu,Marang,Rape,16
2016,Terengganu,Marang,Robbery,12
2016,Terengganu,Marang,Causing injury,14
2016,Terengganu,Setiu,Murder,1
2016,Terengganu,Setiu,Rape,5
2016,Terengganu,Setiu,Robbery,2
2016,Terengganu,Setiu,Causing injury,6
2016,W.P. Kuala Lumpur,Brickfields ,Murder,6
2016,W.P. Kuala Lumpur,Brickfields ,Rape,13
2016,W.P. Kuala Lumpur,Brickfields ,Robbery,536
2016,W.P. Kuala Lumpur,Brickfields ,Causing injury,54
2016,W.P. Kuala Lumpur,Cheras ,Murder,7
2016,W.P. Kuala Lumpur,Cheras ,Rape,8
2016,W.P. Kuala Lumpur,Cheras ,Robbery,354
2016,W.P. Kuala Lumpur,Cheras ,Causing injury,89
2016,W.P. Kuala Lumpur,Dang Wangi ,Murder,6
2016,W.P. Kuala Lumpur,Dang Wangi ,Rape,25
2016,W.P. Kuala Lumpur,Dang Wangi ,Robbery,829
2016,W.P. Kuala Lumpur,Dang Wangi ,Causing injury,201
2016,W.P. Kuala Lumpur,Sentul ,Murder,14
2016,W.P. Kuala Lumpur,Sentul ,Rape,24
2016,W.P. Kuala Lumpur,Sentul ,Robbery,15
2016,W.P. Kuala Lumpur,Sentul ,Causing injury,175
2016,W.P. Kuala Lumpur,Wangsa Maju ,Murder,7
2016,W.P. Kuala Lumpur,Wangsa Maju ,Rape,18
2016,W.P. Kuala Lumpur,Wangsa Maju ,Robbery,700
2016,W.P. Kuala Lumpur,Wangsa Maju ,Causing injury,120
2016,W.P. Putrajaya ,W.P. Putrajaya ,Murder,1
2016,W.P. Putrajaya ,W.P. Putrajaya ,Rape,5
2016,W.P. Putrajaya ,W.P. Putrajaya ,Robbery,565
2016,W.P. Putrajaya ,W.P. Putrajaya ,Causing injury,4
2017,Johor,Batu Pahat,Murder,0
2017,Johor,Batu Pahat,Rape,23
2017,Johor,Batu Pahat,Robbery,59
2017,Johor,Batu Pahat,Causing injury,41
2017,Johor,Iskandar Puteri,Murder,4
2017,Johor,Iskandar Puteri,Rape,9
2017,Johor,Iskandar Puteri,Robbery,128
2017,Johor,Iskandar Puteri,Causing injury,54
2017,Johor,Johor Bahru Selatan,Murder,23
2017,Johor,Johor Bahru Selatan,Rape,28
2017,Johor,Johor Bahru Selatan,Robbery,735
2017,Johor,Johor Bahru Selatan,Causing injury,170
2017,Johor,Johor Bahru Utara,Murder,8
2017,Johor,Johor Bahru Utara,Rape,16
2017,Johor,Johor Bahru Utara,Robbery,292
2017,Johor,Johor Bahru Utara,Causing injury,96
2017,Johor,Kluang,Murder,1
2017,Johor,Kluang,Rape,24
2017,Johor,Kluang,Robbery,47
2017,Johor,Kluang,Causing injury,45
2017,Johor,Kota Tinggi,Murder,7
2017,Johor,Kota Tinggi,Rape,13
2017,Johor,Kota Tinggi,Robbery,48
2017,Johor,Kota Tinggi,Causing injury,21
2017,Johor,Kulaijaya,Murder,6
2017,Johor,Kulaijaya,Rape,11
2017,Johor,Kulaijaya,Robbery,139
2017,Johor,Kulaijaya,Causing injury,53
2017,Johor,Ledang,Murder,1
2017,Johor,Ledang,Rape,8
2017,Johor,Ledang,Robbery,25
2017,Johor,Ledang,Causing injury,10
2017,Johor,Mersing,Murder,1
2017,Johor,Mersing,Rape,6
2017,Johor,Mersing,Robbery,12
2017,Johor,Mersing,Causing injury,12
2017,Johor,Muar,Murder,2
2017,Johor,Muar,Rape,12
2017,Johor,Muar,Robbery,31
2017,Johor,Muar,Causing injury,19
2017,Johor,Nusajaya,Murder,0
2017,Johor,Nusajaya,Rape,0
2017,Johor,Nusajaya,Robbery,0
2017,Johor,Nusajaya,Causing injury,1
2017,Johor,Pontian,Murder,4
2017,Johor,Pontian,Rape,2
2017,Johor,Pontian,Robbery,25
2017,Johor,Pontian,Causing injury,8
2017,Johor,Segamat,Murder,2
2017,Johor,Segamat,Rape,4
2017,Johor,Segamat,Robbery,24
2017,Johor,Segamat,Causing injury,15
2017,Johor,Seri Alam,Murder,7
2017,Johor,Seri Alam,Rape,40
2017,Johor,Seri Alam,Robbery,137
2017,Johor,Seri Alam,Causing injury,69
2017,Kedah,Baling ,Murder,0
2017,Kedah,Baling ,Rape,11
2017,Kedah,Baling ,Robbery,25
2017,Kedah,Baling ,Causing injury,29
2017,Kedah,Bandar Bharu ,Murder,0
2017,Kedah,Bandar Bharu ,Rape,1
2017,Kedah,Bandar Bharu ,Robbery,8
2017,Kedah,Bandar Bharu ,Causing injury,2
2017,Kedah,Kota Setar ,Murder,3
2017,Kedah,Kota Setar ,Rape,22
2017,Kedah,Kota Setar ,Robbery,72
2017,Kedah,Kota Setar ,Causing injury,68
2017,Kedah,Kuala Muda ,Murder,7
2017,Kedah,Kuala Muda ,Rape,32
2017,Kedah,Kuala Muda ,Robbery,206
2017,Kedah,Kuala Muda ,Causing injury,127
2017,Kedah,Kubang Pasu ,Murder,4
2017,Kedah,Kubang Pasu ,Rape,6
2017,Kedah,Kubang Pasu ,Robbery,48
2017,Kedah,Kubang Pasu ,Causing injury,34
2017,Kedah,Kulim ,Murder,3
2017,Kedah,Kulim ,Rape,22
2017,Kedah,Kulim ,Robbery,84
2017,Kedah,Kulim ,Causing injury,62
2017,Kedah,Langkawi ,Murder,3
2017,Kedah,Langkawi ,Rape,6
2017,Kedah,Langkawi ,Robbery,15
2017,Kedah,Langkawi ,Causing injury,18
2017,Kedah,Padang Terap ,Murder,0
2017,Kedah,Padang Terap ,Rape,7
2017,Kedah,Padang Terap ,Robbery,6
2017,Kedah,Padang Terap ,Causing injury,8
2017,Kedah,Pendang ,Murder,1
2017,Kedah,Pendang ,Rape,3
2017,Kedah,Pendang ,Robbery,16
2017,Kedah,Pendang ,Causing injury,9
2017,Kedah,Sik ,Murder,0
2017,Kedah,Sik ,Rape,1
2017,Kedah,Sik ,Robbery,7
2017,Kedah,Sik ,Causing injury,3
2017,Kedah,Yan ,Murder,0
2017,Kedah,Yan ,Rape,8
2017,Kedah,Yan ,Robbery,5
2017,Kedah,Yan ,Causing injury,4
2017,Kelantan,Bachok,Murder,0
2017,Kelantan,Bachok,Rape,16
2017,Kelantan,Bachok,Robbery,7
2017,Kelantan,Bachok,Causing injury,33
2017,Kelantan,Gua Musang,Murder,2
2017,Kelantan,Gua Musang,Rape,7
2017,Kelantan,Gua Musang,Robbery,8
2017,Kelantan,Gua Musang,Causing injury,17
2017,Kelantan,Jeli,Murder,0
2017,Kelantan,Jeli,Rape,4
2017,Kelantan,Jeli,Robbery,1
2017,Kelantan,Jeli,Causing injury,1
2017,Kelantan,Kota Bharu,Murder,3
2017,Kelantan,Kota Bharu,Rape,28
2017,Kelantan,Kota Bharu,Robbery,101
2017,Kelantan,Kota Bharu,Causing injury,56
2017,Kelantan,Kuala Krai,Murder,1
2017,Kelantan,Kuala Krai,Rape,6
2017,Kelantan,Kuala Krai,Robbery,11
2017,Kelantan,Kuala Krai,Causing injury,26
2017,Kelantan,Machang,Murder,1
2017,Kelantan,Machang,Rape,5
2017,Kelantan,Machang,Robbery,15
2017,Kelantan,Machang,Causing injury,17
2017,Kelantan,Pasir Mas,Murder,1
2017,Kelantan,Pasir Mas,Rape,12
2017,Kelantan,Pasir Mas,Robbery,18
2017,Kelantan,Pasir Mas,Causing injury,25
2017,Kelantan,Pasir Puteh,Murder,1
2017,Kelantan,Pasir Puteh,Rape,8
2017,Kelantan,Pasir Puteh,Robbery,22
2017,Kelantan,Pasir Puteh,Causing injury,30
2017,Kelantan,Tanah Merah,Murder,1
2017,Kelantan,Tanah Merah,Rape,16
2017,Kelantan,Tanah Merah,Robbery,10
2017,Kelantan,Tanah Merah,Causing injury,28
2017,Kelantan,Tumpat,Murder,3
2017,Kelantan,Tumpat,Rape,12
2017,Kelantan,Tumpat,Robbery,28
2017,Kelantan,Tumpat,Causing injury,19
2017,Melaka,Alor Gajah,Murder,1
2017,Melaka,Alor Gajah,Rape,9
2017,Melaka,Alor Gajah,Robbery,47
2017,Melaka,Alor Gajah,Causing injury,23
2017,Melaka,Jasin,Murder,1
2017,Melaka,Jasin,Rape,17
2017,Melaka,Jasin,Robbery,30
2017,Melaka,Jasin,Causing injury,19
2017,Melaka,Melaka Tengah,Murder,5
2017,Melaka,Melaka Tengah,Rape,43
2017,Melaka,Melaka Tengah,Robbery,513
2017,Melaka,Melaka Tengah,Causing injury,134
2017,Negeri Sembilan,Jelebu,Murder,2
2017,Negeri Sembilan,Jelebu,Rape,3
2017,Negeri Sembilan,Jelebu,Robbery,4
2017,Negeri Sembilan,Jelebu,Causing injury,10
2017,Negeri Sembilan,Jempol,Murder,4
2017,Negeri Sembilan,Jempol,Rape,17
2017,Negeri Sembilan,Jempol,Robbery,23
2017,Negeri Sembilan,Jempol,Causing injury,25
2017,Negeri Sembilan,Kuala Pilah,Murder,1
2017,Negeri Sembilan,Kuala Pilah,Rape,4
2017,Negeri Sembilan,Kuala Pilah,Robbery,25
2017,Negeri Sembilan,Kuala Pilah,Causing injury,20
2017,Negeri Sembilan,Nilai,Murder,1
2017,Negeri Sembilan,Nilai,Rape,14
2017,Negeri Sembilan,Nilai,Robbery,188
2017,Negeri Sembilan,Nilai,Causing injury,73
2017,Negeri Sembilan,Port Dickson,Murder,1
2017,Negeri Sembilan,Port Dickson,Rape,13
2017,Negeri Sembilan,Port Dickson,Robbery,45
2017,Negeri Sembilan,Port Dickson,Causing injury,25
2017,Negeri Sembilan,Rembau,Murder,0
2017,Negeri Sembilan,Rembau,Rape,2
2017,Negeri Sembilan,Rembau,Robbery,7
2017,Negeri Sembilan,Rembau,Causing injury,7
2017,Negeri Sembilan,Seremban,Murder,4
2017,Negeri Sembilan,Seremban,Rape,28
2017,Negeri Sembilan,Seremban,Robbery,229
2017,Negeri Sembilan,Seremban,Causing injury,70
2017,Negeri Sembilan,Tampin,Murder,1
2017,Negeri Sembilan,Tampin,Rape,10
2017,Negeri Sembilan,Tampin,Robbery,17
2017,Negeri Sembilan,Tampin,Causing injury,11
2017,Pahang,Bentong,Murder,2
2017,Pahang,Bentong,Rape,7
2017,Pahang,Bentong,Robbery,14
2017,Pahang,Bentong,Causing injury,24
2017,Pahang,Bera,Murder,2
2017,Pahang,Bera,Rape,11
2017,Pahang,Bera,Robbery,16
2017,Pahang,Bera,Causing injury,11
2017,Pahang,Cameron Highland,Murder,0
2017,Pahang,Cameron Highland,Rape,1
2017,Pahang,Cameron Highland,Robbery,2
2017,Pahang,Cameron Highland,Causing injury,10
2017,Pahang,Jerantut,Murder,1
2017,Pahang,Jerantut,Rape,6
2017,Pahang,Jerantut,Robbery,10
2017,Pahang,Jerantut,Causing injury,14
2017,Pahang,Kuala Lipis,Murder,1
2017,Pahang,Kuala Lipis,Rape,5
2017,Pahang,Kuala Lipis,Robbery,2
2017,Pahang,Kuala Lipis,Causing injury,5
2017,Pahang,Kuantan,Murder,4
2017,Pahang,Kuantan,Rape,81
2017,Pahang,Kuantan,Robbery,185
2017,Pahang,Kuantan,Causing injury,54
2017,Pahang,Maran,Murder,0
2017,Pahang,Maran,Rape,13
2017,Pahang,Maran,Robbery,12
2017,Pahang,Maran,Causing injury,11
2017,Pahang,Pekan ,Murder,0
2017,Pahang,Pekan ,Rape,13
2017,Pahang,Pekan ,Robbery,9
2017,Pahang,Pekan ,Causing injury,11
2017,Pahang,Raub,Murder,2
2017,Pahang,Raub,Rape,6
2017,Pahang,Raub,Robbery,2
2017,Pahang,Raub,Causing injury,12
2017,Pahang,Rompin,Murder,2
2017,Pahang,Rompin,Rape,12
2017,Pahang,Rompin,Robbery,10
2017,Pahang,Rompin,Causing injury,18
2017,Pahang,Temerloh,Murder,2
2017,Pahang,Temerloh,Rape,8
2017,Pahang,Temerloh,Robbery,27
2017,Pahang,Temerloh,Causing injury,18
2017,Perak,Batu Gajah,Murder,1
2017,Perak,Batu Gajah,Rape,3
2017,Perak,Batu Gajah,Robbery,12
2017,Perak,Batu Gajah,Causing injury,7
2017,Perak,Gerik,Murder,2
2017,Perak,Gerik,Rape,5
2017,Perak,Gerik,Robbery,3
2017,Perak,Gerik,Causing injury,6
2017,Perak,Hilir Perak,Murder,5
2017,Perak,Hilir Perak,Rape,7
2017,Perak,Hilir Perak,Robbery,49
2017,Perak,Hilir Perak,Causing injury,67
2017,Perak,Ipoh,Murder,9
2017,Perak,Ipoh,Rape,13
2017,Perak,Ipoh,Robbery,307
2017,Perak,Ipoh,Causing injury,121
2017,Perak,Kampar,Murder,2
2017,Perak,Kampar,Rape,3
2017,Perak,Kampar,Robbery,22
2017,Perak,Kampar,Causing injury,9
2017,Perak,Kerian,Murder,4
2017,Perak,Kerian,Rape,2
2017,Perak,Kerian,Robbery,25
2017,Perak,Kerian,Causing injury,8
2017,Perak,Kuala Kangsar,Murder,1
2017,Perak,Kuala Kangsar,Rape,6
2017,Perak,Kuala Kangsar,Robbery,8
2017,Perak,Kuala Kangsar,Causing injury,6
2017,Perak,Manjung,Murder,7
2017,Perak,Manjung,Rape,11
2017,Perak,Manjung,Robbery,50
2017,Perak,Manjung,Causing injury,48
2017,Perak,Pengkalan Hulu,Murder,0
2017,Perak,Pengkalan Hulu,Rape,2
2017,Perak,Pengkalan Hulu,Robbery,0
2017,Perak,Pengkalan Hulu,Causing injury,0
2017,Perak,Perak Tengah,Murder,0
2017,Perak,Perak Tengah,Rape,8
2017,Perak,Perak Tengah,Robbery,9
2017,Perak,Perak Tengah,Causing injury,7
2017,Perak,Selama,Murder,0
2017,Perak,Selama,Rape,1
2017,Perak,Selama,Robbery,1
2017,Perak,Selama,Causing injury,1
2017,Perak,Sungai Siput,Murder,1
2017,Perak,Sungai Siput,Rape,9
2017,Perak,Sungai Siput,Robbery,16
2017,Perak,Sungai Siput,Causing injury,5
2017,Perak,Taiping,Murder,2
2017,Perak,Taiping,Rape,10
2017,Perak,Taiping,Robbery,95
2017,Perak,Taiping,Causing injury,63
2017,Perak,Tanjong Malim,Murder,0
2017,Perak,Tanjong Malim,Rape,3
2017,Perak,Tanjong Malim,Robbery,21
2017,Perak,Tanjong Malim,Causing injury,7
2017,Perak,Tapah,Murder,1
2017,Perak,Tapah,Rape,12
2017,Perak,Tapah,Robbery,12
2017,Perak,Tapah,Causing injury,25
2017,Perak,Tapah,Murder,1
2017,Perak,Tapah,Rape,5
2017,Perak,Tapah,Robbery,27
2017,Perak,Tapah,Causing injury,16
2017,Perlis,Arau,Murder,1
2017,Perlis,Arau,Rape,10
2017,Perlis,Arau,Robbery,18
2017,Perlis,Arau,Causing injury,8
2017,Perlis,Kangar,Murder,0
2017,Perlis,Kangar,Rape,9
2017,Perlis,Kangar,Robbery,28
2017,Perlis,Kangar,Causing injury,27
2017,Perlis,Padang Besar,Murder,1
2017,Perlis,Padang Besar,Rape,11
2017,Perlis,Padang Besar,Robbery,7
2017,Perlis,Padang Besar,Causing injury,12
2017,Pulau Pinang,Barat Daya,Murder,0
2017,Pulau Pinang,Barat Daya,Rape,11
2017,Pulau Pinang,Barat Daya,Robbery,45
2017,Pulau Pinang,Barat Daya,Causing injury,33
2017,Pulau Pinang,Seberang Perai Selatan,Murder,3
2017,Pulau Pinang,Seberang Perai Selatan,Rape,7
2017,Pulau Pinang,Seberang Perai Selatan,Robbery,94
2017,Pulau Pinang,Seberang Perai Selatan,Causing injury,34
2017,Pulau Pinang,Seberang Perai Tengah ,Murder,6
2017,Pulau Pinang,Seberang Perai Tengah ,Rape,35
2017,Pulau Pinang,Seberang Perai Tengah ,Robbery,230
2017,Pulau Pinang,Seberang Perai Tengah ,Causing injury,51
2017,Pulau Pinang,Seberang Perai Utara ,Murder,2
2017,Pulau Pinang,Seberang Perai Utara ,Rape,14
2017,Pulau Pinang,Seberang Perai Utara ,Robbery,90
2017,Pulau Pinang,Seberang Perai Utara ,Causing injury,53
2017,Pulau Pinang,Timur Laut,Murder,6
2017,Pulau Pinang,Timur Laut,Rape,13
2017,Pulau Pinang,Timur Laut,Robbery,247
2017,Pulau Pinang,Timur Laut,Causing injury,104
2017,Sabah,Beaufort,Murder,0
2017,Sabah,Beaufort,Rape,14
2017,Sabah,Beaufort,Robbery,3
2017,Sabah,Beaufort,Causing injury,5
2017,Sabah,Beluran,Murder,2
2017,Sabah,Beluran,Rape,12
2017,Sabah,Beluran,Robbery,4
2017,Sabah,Beluran,Causing injury,3
2017,Sabah,Keningau,Murder,2
2017,Sabah,Keningau,Rape,11
2017,Sabah,Keningau,Robbery,10
2017,Sabah,Keningau,Causing injury,16
2017,Sabah,Kota Belud,Murder,2
2017,Sabah,Kota Belud,Rape,11
2017,Sabah,Kota Belud,Robbery,6
2017,Sabah,Kota Belud,Causing injury,14
2017,Sabah,Kota Kinabalu,Murder,3
2017,Sabah,Kota Kinabalu,Rape,32
2017,Sabah,Kota Kinabalu,Robbery,82
2017,Sabah,Kota Kinabalu,Causing injury,34
2017,Sabah,Kota Kinabatangan,Murder,2
2017,Sabah,Kota Kinabatangan,Rape,9
2017,Sabah,Kota Kinabatangan,Robbery,1
2017,Sabah,Kota Kinabatangan,Causing injury,2
2017,Sabah,Kota Marudu,Murder,0
2017,Sabah,Kota Marudu,Rape,6
2017,Sabah,Kota Marudu,Robbery,2
2017,Sabah,Kota Marudu,Causing injury,8
2017,Sabah,Kudat,Murder,1
2017,Sabah,Kudat,Rape,6
2017,Sabah,Kudat,Robbery,1
2017,Sabah,Kudat,Causing injury,6
2017,Sabah,Kunak,Murder,0
2017,Sabah,Kunak,Rape,2
2017,Sabah,Kunak,Robbery,3
2017,Sabah,Kunak,Causing injury,3
2017,Sabah,Lahad Datu,Murder,2
2017,Sabah,Lahad Datu,Rape,9
2017,Sabah,Lahad Datu,Robbery,16
2017,Sabah,Lahad Datu,Causing injury,21
2017,Sabah,Papar,Murder,1
2017,Sabah,Papar,Rape,2
2017,Sabah,Papar,Robbery,12
2017,Sabah,Papar,Causing injury,10
2017,Sabah,Penampang,Murder,1
2017,Sabah,Penampang,Rape,21
2017,Sabah,Penampang,Robbery,26
2017,Sabah,Penampang,Causing injury,27
2017,Sabah,Ranau,Murder,3
2017,Sabah,Ranau,Rape,7
2017,Sabah,Ranau,Robbery,1
2017,Sabah,Ranau,Causing injury,5
2017,Sabah,Sandakan,Murder,3
2017,Sabah,Sandakan,Rape,11
2017,Sabah,Sandakan,Robbery,55
2017,Sabah,Sandakan,Causing injury,17
2017,Sabah,Semporna,Murder,1
2017,Sabah,Semporna,Rape,10
2017,Sabah,Semporna,Robbery,6
2017,Sabah,Semporna,Causing injury,21
2017,Sabah,Sipitang,Murder,1
2017,Sabah,Sipitang,Rape,4
2017,Sabah,Sipitang,Robbery,0
2017,Sabah,Sipitang,Causing injury,1
2017,Sabah,Tawau,Murder,9
2017,Sabah,Tawau,Rape,21
2017,Sabah,Tawau,Robbery,44
2017,Sabah,Tawau,Causing injury,23
2017,Sabah,Tenom,Murder,0
2017,Sabah,Tenom,Rape,7
2017,Sabah,Tenom,Robbery,0
2017,Sabah,Tenom,Causing injury,4
2017,Sabah,Tuaran,Murder,2
2017,Sabah,Tuaran,Rape,11
2017,Sabah,Tuaran,Robbery,4
2017,Sabah,Tuaran,Causing injury,4
2017,W.P. Labuan,W.P. Labuan,Murder,1
2017,W.P. Labuan,W.P. Labuan,Rape,5
2017,W.P. Labuan,W.P. Labuan,Robbery,8
2017,W.P. Labuan,W.P. Labuan,Causing injury,6
2017,Sarawak,Sarawak,Murder,27
2017,Sarawak,Sarawak,Rape,150
2017,Sarawak,Sarawak,Robbery,331
2017,Sarawak,Sarawak,Causing injury,368
2017,Sarawak,Bau,Murder,0
2017,Sarawak,Bau,Rape,2
2017,Sarawak,Bau,Robbery,3
2017,Sarawak,Bau,Causing injury,4
2017,Sarawak,Belaga,Murder,0
2017,Sarawak,Belaga,Rape,2
2017,Sarawak,Belaga,Robbery,0
2017,Sarawak,Belaga,Causing injury,4
2017,Sarawak,Betong,Murder,0
2017,Sarawak,Betong,Rape,7
2017,Sarawak,Betong,Robbery,4
2017,Sarawak,Betong,Causing injury,7
2017,Sarawak,Bintulu,Murder,2
2017,Sarawak,Bintulu,Rape,12
2017,Sarawak,Bintulu,Robbery,28
2017,Sarawak,Bintulu,Causing injury,21
2017,Sarawak,Dalat,Murder,0
2017,Sarawak,Dalat,Rape,4
2017,Sarawak,Dalat,Robbery,1
2017,Sarawak,Dalat,Causing injury,2
2017,Sarawak,Julau,Murder,0
2017,Sarawak,Julau,Rape,1
2017,Sarawak,Julau,Robbery,1
2017,Sarawak,Julau,Causing injury,3
2017,Sarawak,Kanowit,Murder,0
2017,Sarawak,Kanowit,Rape,4
2017,Sarawak,Kanowit,Robbery,0
2017,Sarawak,Kanowit,Causing injury,1
2017,Sarawak,Kapit,Murder,2
2017,Sarawak,Kapit,Rape,3
2017,Sarawak,Kapit,Robbery,0
2017,Sarawak,Kapit,Causing injury,6
2017,Sarawak,Kota Samarahan,Murder,1
2017,Sarawak,Kota Samarahan,Rape,4
2017,Sarawak,Kota Samarahan,Robbery,21
2017,Sarawak,Kota Samarahan,Causing injury,19
2017,Sarawak,Kuching,Murder,2
2017,Sarawak,Kuching,Rape,15
2017,Sarawak,Kuching,Robbery,83
2017,Sarawak,Kuching,Causing injury,80
2017,Sarawak,Lawas,Murder,0
2017,Sarawak,Lawas,Rape,1
2017,Sarawak,Lawas,Robbery,1
2017,Sarawak,Lawas,Causing injury,2
2017,Sarawak,Limbang,Murder,1
2017,Sarawak,Limbang,Rape,5
2017,Sarawak,Limbang,Robbery,1
2017,Sarawak,Limbang,Causing injury,8
2017,Sarawak,Lubok Antu,Murder,0
2017,Sarawak,Lubok Antu,Rape,1
2017,Sarawak,Lubok Antu,Robbery,0
2017,Sarawak,Lubok Antu,Causing injury,1
2017,Sarawak,Lundu,Murder,0
2017,Sarawak,Lundu,Rape,0
2017,Sarawak,Lundu,Robbery,2
2017,Sarawak,Lundu,Causing injury,5
2017,Sarawak,Marudi,Murder,0
2017,Sarawak,Marudi,Rape,4
2017,Sarawak,Marudi,Robbery,1
2017,Sarawak,Marudi,Causing injury,16
2017,Sarawak,Matu Daro ,Murder,0
2017,Sarawak,Matu Daro ,Rape,1
2017,Sarawak,Matu Daro ,Robbery,1
2017,Sarawak,Matu Daro ,Causing injury,1
2017,Sarawak,Meradong,Murder,1
2017,Sarawak,Meradong,Rape,1
2017,Sarawak,Meradong,Robbery,0
2017,Sarawak,Meradong,Causing injury,5
2017,Sarawak,Miri,Murder,7
2017,Sarawak,Miri,Rape,27
2017,Sarawak,Miri,Robbery,68
2017,Sarawak,Miri,Causing injury,61
2017,Sarawak,Mukah,Murder,0
2017,Sarawak,Mukah,Rape,4
2017,Sarawak,Mukah,Robbery,1
2017,Sarawak,Mukah,Causing injury,5
2017,Sarawak,Padawan,Murder,3
2017,Sarawak,Padawan,Rape,10
2017,Sarawak,Padawan,Robbery,39
2017,Sarawak,Padawan,Causing injury,26
2017,Sarawak,Saratok,Murder,0
2017,Sarawak,Saratok,Rape,6
2017,Sarawak,Saratok,Robbery,1
2017,Sarawak,Saratok,Causing injury,1
2017,Sarawak,Sarikei,Murder,1
2017,Sarawak,Sarikei,Rape,7
2017,Sarawak,Sarikei,Robbery,9
2017,Sarawak,Sarikei,Causing injury,11
2017,Sarawak,Serian,Murder,1
2017,Sarawak,Serian,Rape,2
2017,Sarawak,Serian,Robbery,12
2017,Sarawak,Serian,Causing injury,10
2017,Sarawak,Sibu,Murder,5
2017,Sarawak,Sibu,Rape,18
2017,Sarawak,Sibu,Robbery,48
2017,Sarawak,Sibu,Causing injury,51
2017,Sarawak,Simunjan,Murder,0
2017,Sarawak,Simunjan,Rape,1
2017,Sarawak,Simunjan,Robbery,0
2017,Sarawak,Simunjan,Causing injury,4
2017,Sarawak,Song,Murder,0
2017,Sarawak,Song,Rape,1
2017,Sarawak,Song,Robbery,0
2017,Sarawak,Song,Causing injury,2
2017,Sarawak,Sri Aman,Murder,1
2017,Sarawak,Sri Aman,Rape,7
2017,Sarawak,Sri Aman,Robbery,6
2017,Sarawak,Sri Aman,Causing injury,7
2017,Sarawak,Tatau,Murder,0
2017,Sarawak,Tatau,Rape,0
2017,Sarawak,Tatau,Robbery,0
2017,Sarawak,Tatau,Causing injury,5
2017,Selangor,Ampang Jaya ,Murder,4
2017,Selangor,Ampang Jaya ,Rape,36
2017,Selangor,Ampang Jaya ,Robbery,581
2017,Selangor,Ampang Jaya ,Causing injury,86
2017,Selangor,Gombak,Murder,11
2017,Selangor,Gombak,Rape,41
2017,Selangor,Gombak,Robbery,672
2017,Selangor,Gombak,Causing injury,114
2017,Selangor,Hulu Selangor,Murder,3
2017,Selangor,Hulu Selangor,Rape,30
2017,Selangor,Hulu Selangor,Robbery,52
2017,Selangor,Hulu Selangor,Causing injury,25
2017,Selangor,Kajang,Murder,11
2017,Selangor,Kajang,Rape,23
2017,Selangor,Kajang,Robbery,804
2017,Selangor,Kajang,Causing injury,133
2017,Selangor,Klang Selatan,Murder,8
2017,Selangor,Klang Selatan,Rape,16
2017,Selangor,Klang Selatan,Robbery,425
2017,Selangor,Klang Selatan,Causing injury,133
2017,Selangor,Klang Utara,Murder,3
2017,Selangor,Klang Utara,Rape,16
2017,Selangor,Klang Utara,Robbery,290
2017,Selangor,Klang Utara,Causing injury,83
2017,Selangor,Kuala Langat,Murder,2
2017,Selangor,Kuala Langat,Rape,10
2017,Selangor,Kuala Langat,Robbery,79
2017,Selangor,Kuala Langat,Causing injury,60
2017,Selangor,Kuala Selangor,Murder,6
2017,Selangor,Kuala Selangor,Rape,8
2017,Selangor,Kuala Selangor,Robbery,63
2017,Selangor,Kuala Selangor,Causing injury,21
2017,Selangor,Petaling Jaya,Murder,7
2017,Selangor,Petaling Jaya,Rape,42
2017,Selangor,Petaling Jaya,Robbery,935
2017,Selangor,Petaling Jaya,Causing injury,155
2017,Selangor,Sabak Bernam,Murder,0
2017,Selangor,Sabak Bernam,Rape,15
2017,Selangor,Sabak Bernam,Robbery,25
2017,Selangor,Sabak Bernam,Causing injury,25
2017,Selangor,Sepang,Murder,7
2017,Selangor,Sepang,Rape,14
2017,Selangor,Sepang,Robbery,109
2017,Selangor,Sepang,Causing injury,54
2017,Selangor,Serdang,Murder,6
2017,Selangor,Serdang,Rape,20
2017,Selangor,Serdang,Robbery,375
2017,Selangor,Serdang,Causing injury,47
2017,Selangor,Sg. Buloh,Murder,3
2017,Selangor,Sg. Buloh,Rape,21
2017,Selangor,Sg. Buloh,Robbery,203
2017,Selangor,Sg. Buloh,Causing injury,60
2017,Selangor,Shah Alam,Murder,6
2017,Selangor,Shah Alam,Rape,12
2017,Selangor,Shah Alam,Robbery,153
2017,Selangor,Shah Alam,Causing injury,49
2017,Selangor,Subang Jaya,Murder,6
2017,Selangor,Subang Jaya,Rape,17
2017,Selangor,Subang Jaya,Robbery,192
2017,Selangor,Subang Jaya,Causing injury,63
2017,Terengganu,Besut,Murder,3
2017,Terengganu,Besut,Rape,9
2017,Terengganu,Besut,Robbery,41
2017,Terengganu,Besut,Causing injury,35
2017,Terengganu,Dungun,Murder,0
2017,Terengganu,Dungun,Rape,10
2017,Terengganu,Dungun,Robbery,19
2017,Terengganu,Dungun,Causing injury,27
2017,Terengganu,Hulu Terengganu,Murder,0
2017,Terengganu,Hulu Terengganu,Rape,5
2017,Terengganu,Hulu Terengganu,Robbery,4
2017,Terengganu,Hulu Terengganu,Causing injury,11
2017,Terengganu,Kemaman,Murder,0
2017,Terengganu,Kemaman,Rape,10
2017,Terengganu,Kemaman,Robbery,23
2017,Terengganu,Kemaman,Causing injury,10
2017,Terengganu,Kuala Terengganu,Murder,1
2017,Terengganu,Kuala Terengganu,Rape,20
2017,Terengganu,Kuala Terengganu,Robbery,50
2017,Terengganu,Kuala Terengganu,Causing injury,26
2017,Terengganu,Marang,Murder,1
2017,Terengganu,Marang,Rape,5
2017,Terengganu,Marang,Robbery,11
2017,Terengganu,Marang,Causing injury,12
2017,Terengganu,Setiu,Murder,0
2017,Terengganu,Setiu,Rape,5
2017,Terengganu,Setiu,Robbery,7
2017,Terengganu,Setiu,Causing injury,9
2017,W.P. Kuala Lumpur,Brickfields ,Murder,2
2017,W.P. Kuala Lumpur,Brickfields ,Rape,24
2017,W.P. Kuala Lumpur,Brickfields ,Robbery,484
2017,W.P. Kuala Lumpur,Brickfields ,Causing injury,69
2017,W.P. Kuala Lumpur,Cheras ,Murder,5
2017,W.P. Kuala Lumpur,Cheras ,Rape,23
2017,W.P. Kuala Lumpur,Cheras ,Robbery,361
2017,W.P. Kuala Lumpur,Cheras ,Causing injury,83
2017,W.P. Kuala Lumpur,Dang Wangi ,Murder,10
2017,W.P. Kuala Lumpur,Dang Wangi ,Rape,30
2017,W.P. Kuala Lumpur,Dang Wangi ,Robbery,1151
2017,W.P. Kuala Lumpur,Dang Wangi ,Causing injury,161
2017,W.P. Kuala Lumpur,Sentul ,Murder,15
2017,W.P. Kuala Lumpur,Sentul ,Rape,21
2017,W.P. Kuala Lumpur,Sentul ,Robbery,14
2017,W.P. Kuala Lumpur,Sentul ,Causing injury,201
2017,W.P. Kuala Lumpur,Wangsa Maju ,Murder,5
2017,W.P. Kuala Lumpur,Wangsa Maju ,Rape,32
2017,W.P. Kuala Lumpur,Wangsa Maju ,Robbery,547
2017,W.P. Kuala Lumpur,Wangsa Maju ,Causing injury,134
2017,W.P. Putrajaya ,W.P. Putrajaya ,Murder,0
2017,W.P. Putrajaya ,W.P. Putrajaya ,Rape,2
2017,W.P. Putrajaya ,W.P. Putrajaya ,Robbery,622
2017,W.P. Putrajaya ,W.P. Putrajaya ,Causing injury,3
2018,Johor,Batu Pahat,Murder,3
2018,Johor,Batu Pahat,Rape,13
2018,Johor,Batu Pahat,Robbery,60
2018,Johor,Batu Pahat,Causing injury,28
2018,Johor,Iskandar Puteri,Murder,4
2018,Johor,Iskandar Puteri,Rape,13
2018,Johor,Iskandar Puteri,Robbery,71
2018,Johor,Iskandar Puteri,Causing injury,61
2018,Johor,Johor Bahru Selatan,Murder,9
2018,Johor,Johor Bahru Selatan,Rape,24
2018,Johor,Johor Bahru Selatan,Robbery,326
2018,Johor,Johor Bahru Selatan,Causing injury,115
2018,Johor,Johor Bahru Utara,Murder,5
2018,Johor,Johor Bahru Utara,Rape,19
2018,Johor,Johor Bahru Utara,Robbery,217
2018,Johor,Johor Bahru Utara,Causing injury,102
2018,Johor,Kluang,Murder,1
2018,Johor,Kluang,Rape,18
2018,Johor,Kluang,Robbery,49
2018,Johor,Kluang,Causing injury,57
2018,Johor,Kota Tinggi,Murder,2
2018,Johor,Kota Tinggi,Rape,8
2018,Johor,Kota Tinggi,Robbery,0
2018,Johor,Kota Tinggi,Causing injury,30
2018,Johor,Kulaijaya,Murder,7
2018,Johor,Kulaijaya,Rape,20
2018,Johor,Kulaijaya,Robbery,128
2018,Johor,Kulaijaya,Causing injury,47
2018,Johor,Ledang,Murder,2
2018,Johor,Ledang,Rape,13
2018,Johor,Ledang,Robbery,5
2018,Johor,Ledang,Causing injury,13
2018,Johor,Mersing,Murder,0
2018,Johor,Mersing,Rape,9
2018,Johor,Mersing,Robbery,11
2018,Johor,Mersing,Causing injury,9
2018,Johor,Muar,Murder,2
2018,Johor,Muar,Rape,13
2018,Johor,Muar,Robbery,17
2018,Johor,Muar,Causing injury,17
2018,Johor,Nusajaya,Murder,0
2018,Johor,Nusajaya,Rape,0
2018,Johor,Nusajaya,Robbery,0
2018,Johor,Nusajaya,Causing injury,0
2018,Johor,Pontian,Murder,0
2018,Johor,Pontian,Rape,7
2018,Johor,Pontian,Robbery,30
2018,Johor,Pontian,Causing injury,18
2018,Johor,Segamat,Murder,1
2018,Johor,Segamat,Rape,13
2018,Johor,Segamat,Robbery,22
2018,Johor,Segamat,Causing injury,25
2018,Johor,Seri Alam,Murder,7
2018,Johor,Seri Alam,Rape,17
2018,Johor,Seri Alam,Robbery,109
2018,Johor,Seri Alam,Causing injury,56
2018,Kedah,Baling ,Murder,0
2018,Kedah,Baling ,Rape,5
2018,Kedah,Baling ,Robbery,24
2018,Kedah,Baling ,Causing injury,26
2018,Kedah,Bandar Bharu ,Murder,0
2018,Kedah,Bandar Bharu ,Rape,3
2018,Kedah,Bandar Bharu ,Robbery,9
2018,Kedah,Bandar Bharu ,Causing injury,3
2018,Kedah,Kota Setar ,Murder,1
2018,Kedah,Kota Setar ,Rape,20
2018,Kedah,Kota Setar ,Robbery,111
2018,Kedah,Kota Setar ,Causing injury,64
2018,Kedah,Kuala Muda ,Murder,5
2018,Kedah,Kuala Muda ,Rape,32
2018,Kedah,Kuala Muda ,Robbery,207
2018,Kedah,Kuala Muda ,Causing injury,127
2018,Kedah,Kubang Pasu ,Murder,0
2018,Kedah,Kubang Pasu ,Rape,14
2018,Kedah,Kubang Pasu ,Robbery,42
2018,Kedah,Kubang Pasu ,Causing injury,37
2018,Kedah,Kulim ,Murder,1
2018,Kedah,Kulim ,Rape,17
2018,Kedah,Kulim ,Robbery,65
2018,Kedah,Kulim ,Causing injury,48
2018,Kedah,Langkawi ,Murder,2
2018,Kedah,Langkawi ,Rape,13
2018,Kedah,Langkawi ,Robbery,23
2018,Kedah,Langkawi ,Causing injury,16
2018,Kedah,Padang Terap ,Murder,0
2018,Kedah,Padang Terap ,Rape,6
2018,Kedah,Padang Terap ,Robbery,14
2018,Kedah,Padang Terap ,Causing injury,6
2018,Kedah,Pendang ,Murder,0
2018,Kedah,Pendang ,Rape,6
2018,Kedah,Pendang ,Robbery,19
2018,Kedah,Pendang ,Causing injury,4
2018,Kedah,Sik ,Murder,0
2018,Kedah,Sik ,Rape,0
2018,Kedah,Sik ,Robbery,4
2018,Kedah,Sik ,Causing injury,2
2018,Kedah,Yan ,Murder,0
2018,Kedah,Yan ,Rape,3
2018,Kedah,Yan ,Robbery,6
2018,Kedah,Yan ,Causing injury,4
2018,Kelantan,Bachok,Murder,0
2018,Kelantan,Bachok,Rape,11
2018,Kelantan,Bachok,Robbery,10
2018,Kelantan,Bachok,Causing injury,20
2018,Kelantan,Gua Musang,Murder,0
2018,Kelantan,Gua Musang,Rape,6
2018,Kelantan,Gua Musang,Robbery,9
2018,Kelantan,Gua Musang,Causing injury,11
2018,Kelantan,Jeli,Murder,0
2018,Kelantan,Jeli,Rape,4
2018,Kelantan,Jeli,Robbery,2
2018,Kelantan,Jeli,Causing injury,3
2018,Kelantan,Kota Bharu,Murder,2
2018,Kelantan,Kota Bharu,Rape,25
2018,Kelantan,Kota Bharu,Robbery,100
2018,Kelantan,Kota Bharu,Causing injury,41
2018,Kelantan,Kuala Krai,Murder,0
2018,Kelantan,Kuala Krai,Rape,5
2018,Kelantan,Kuala Krai,Robbery,7
2018,Kelantan,Kuala Krai,Causing injury,15
2018,Kelantan,Machang,Murder,0
2018,Kelantan,Machang,Rape,5
2018,Kelantan,Machang,Robbery,10
2018,Kelantan,Machang,Causing injury,14
2018,Kelantan,Pasir Mas,Murder,2
2018,Kelantan,Pasir Mas,Rape,11
2018,Kelantan,Pasir Mas,Robbery,23
2018,Kelantan,Pasir Mas,Causing injury,15
2018,Kelantan,Pasir Puteh,Murder,2
2018,Kelantan,Pasir Puteh,Rape,12
2018,Kelantan,Pasir Puteh,Robbery,11
2018,Kelantan,Pasir Puteh,Causing injury,23
2018,Kelantan,Tanah Merah,Murder,0
2018,Kelantan,Tanah Merah,Rape,13
2018,Kelantan,Tanah Merah,Robbery,13
2018,Kelantan,Tanah Merah,Causing injury,25
2018,Kelantan,Tumpat,Murder,0
2018,Kelantan,Tumpat,Rape,9
2018,Kelantan,Tumpat,Robbery,29
2018,Kelantan,Tumpat,Causing injury,23
2018,Melaka,Alor Gajah,Murder,2
2018,Melaka,Alor Gajah,Rape,11
2018,Melaka,Alor Gajah,Robbery,26
2018,Melaka,Alor Gajah,Causing injury,28
2018,Melaka,Jasin,Murder,1
2018,Melaka,Jasin,Rape,5
2018,Melaka,Jasin,Robbery,14
2018,Melaka,Jasin,Causing injury,19
2018,Melaka,Melaka Tengah,Murder,10
2018,Melaka,Melaka Tengah,Rape,35
2018,Melaka,Melaka Tengah,Robbery,319
2018,Melaka,Melaka Tengah,Causing injury,151
2018,Negeri Sembilan,Jelebu,Murder,0
2018,Negeri Sembilan,Jelebu,Rape,2
2018,Negeri Sembilan,Jelebu,Robbery,8
2018,Negeri Sembilan,Jelebu,Causing injury,3
2018,Negeri Sembilan,Jempol,Murder,0
2018,Negeri Sembilan,Jempol,Rape,12
2018,Negeri Sembilan,Jempol,Robbery,20
2018,Negeri Sembilan,Jempol,Causing injury,19
2018,Negeri Sembilan,Kuala Pilah,Murder,0
2018,Negeri Sembilan,Kuala Pilah,Rape,6
2018,Negeri Sembilan,Kuala Pilah,Robbery,16
2018,Negeri Sembilan,Kuala Pilah,Causing injury,12
2018,Negeri Sembilan,Nilai,Murder,0
2018,Negeri Sembilan,Nilai,Rape,19
2018,Negeri Sembilan,Nilai,Robbery,149
2018,Negeri Sembilan,Nilai,Causing injury,93
2018,Negeri Sembilan,Port Dickson,Murder,3
2018,Negeri Sembilan,Port Dickson,Rape,18
2018,Negeri Sembilan,Port Dickson,Robbery,50
2018,Negeri Sembilan,Port Dickson,Causing injury,25
2018,Negeri Sembilan,Rembau,Murder,1
2018,Negeri Sembilan,Rembau,Rape,6
2018,Negeri Sembilan,Rembau,Robbery,15
2018,Negeri Sembilan,Rembau,Causing injury,9
2018,Negeri Sembilan,Seremban,Murder,5
2018,Negeri Sembilan,Seremban,Rape,30
2018,Negeri Sembilan,Seremban,Robbery,203
2018,Negeri Sembilan,Seremban,Causing injury,72
2018,Negeri Sembilan,Tampin,Murder,0
2018,Negeri Sembilan,Tampin,Rape,4
2018,Negeri Sembilan,Tampin,Robbery,15
2018,Negeri Sembilan,Tampin,Causing injury,16
2018,Pahang,Bentong,Murder,1
2018,Pahang,Bentong,Rape,5
2018,Pahang,Bentong,Robbery,19
2018,Pahang,Bentong,Causing injury,30
2018,Pahang,Bera,Murder,1
2018,Pahang,Bera,Rape,2
2018,Pahang,Bera,Robbery,6
2018,Pahang,Bera,Causing injury,12
2018,Pahang,Cameron Highland,Murder,0
2018,Pahang,Cameron Highland,Rape,2
2018,Pahang,Cameron Highland,Robbery,11
2018,Pahang,Cameron Highland,Causing injury,10
2018,Pahang,Jerantut,Murder,1
2018,Pahang,Jerantut,Rape,10
2018,Pahang,Jerantut,Robbery,7
2018,Pahang,Jerantut,Causing injury,17
2018,Pahang,Kuala Lipis,Murder,0
2018,Pahang,Kuala Lipis,Rape,4
2018,Pahang,Kuala Lipis,Robbery,2
2018,Pahang,Kuala Lipis,Causing injury,7
2018,Pahang,Kuantan,Murder,2
2018,Pahang,Kuantan,Rape,36
2018,Pahang,Kuantan,Robbery,150
2018,Pahang,Kuantan,Causing injury,59
2018,Pahang,Maran,Murder,2
2018,Pahang,Maran,Rape,15
2018,Pahang,Maran,Robbery,12
2018,Pahang,Maran,Causing injury,6
2018,Pahang,Pekan ,Murder,0
2018,Pahang,Pekan ,Rape,4
2018,Pahang,Pekan ,Robbery,9
2018,Pahang,Pekan ,Causing injury,14
2018,Pahang,Raub,Murder,0
2018,Pahang,Raub,Rape,8
2018,Pahang,Raub,Robbery,5
2018,Pahang,Raub,Causing injury,13
2018,Pahang,Rompin,Murder,0
2018,Pahang,Rompin,Rape,13
2018,Pahang,Rompin,Robbery,12
2018,Pahang,Rompin,Causing injury,12
2018,Pahang,Temerloh,Murder,1
2018,Pahang,Temerloh,Rape,10
2018,Pahang,Temerloh,Robbery,23
2018,Pahang,Temerloh,Causing injury,19
2018,Perak,Batu Gajah,Murder,1
2018,Perak,Batu Gajah,Rape,2
2018,Perak,Batu Gajah,Robbery,6
2018,Perak,Batu Gajah,Causing injury,8
2018,Perak,Gerik,Murder,3
2018,Perak,Gerik,Rape,5
2018,Perak,Gerik,Robbery,3
2018,Perak,Gerik,Causing injury,4
2018,Perak,Hilir Perak,Murder,6
2018,Perak,Hilir Perak,Rape,5
2018,Perak,Hilir Perak,Robbery,42
2018,Perak,Hilir Perak,Causing injury,60
2018,Perak,Ipoh,Murder,6
2018,Perak,Ipoh,Rape,24
2018,Perak,Ipoh,Robbery,243
2018,Perak,Ipoh,Causing injury,104
2018,Perak,Kampar,Murder,0
2018,Perak,Kampar,Rape,1
2018,Perak,Kampar,Robbery,21
2018,Perak,Kampar,Causing injury,10
2018,Perak,Kerian,Murder,1
2018,Perak,Kerian,Rape,8
2018,Perak,Kerian,Robbery,21
2018,Perak,Kerian,Causing injury,7
2018,Perak,Kuala Kangsar,Murder,1
2018,Perak,Kuala Kangsar,Rape,5
2018,Perak,Kuala Kangsar,Robbery,9
2018,Perak,Kuala Kangsar,Causing injury,9
2018,Perak,Manjung,Murder,6
2018,Perak,Manjung,Rape,8
2018,Perak,Manjung,Robbery,32
2018,Perak,Manjung,Causing injury,53
2018,Perak,Pengkalan Hulu,Murder,0
2018,Perak,Pengkalan Hulu,Rape,3
2018,Perak,Pengkalan Hulu,Robbery,0
2018,Perak,Pengkalan Hulu,Causing injury,0
2018,Perak,Perak Tengah,Murder,3
2018,Perak,Perak Tengah,Rape,3
2018,Perak,Perak Tengah,Robbery,1
2018,Perak,Perak Tengah,Causing injury,4
2018,Perak,Selama,Murder,0
2018,Perak,Selama,Rape,3
2018,Perak,Selama,Robbery,3
2018,Perak,Selama,Causing injury,2
2018,Perak,Sungai Siput,Murder,1
2018,Perak,Sungai Siput,Rape,5
2018,Perak,Sungai Siput,Robbery,13
2018,Perak,Sungai Siput,Causing injury,16
2018,Perak,Taiping,Murder,3
2018,Perak,Taiping,Rape,26
2018,Perak,Taiping,Robbery,74
2018,Perak,Taiping,Causing injury,62
2018,Perak,Tanjong Malim,Murder,1
2018,Perak,Tanjong Malim,Rape,1
2018,Perak,Tanjong Malim,Robbery,15
2018,Perak,Tanjong Malim,Causing injury,3
2018,Perlis,Arau,Murder,0
2018,Perlis,Arau,Rape,11
2018,Perlis,Arau,Robbery,11
2018,Perlis,Arau,Causing injury,12
2018,Perlis,Kangar,Murder,1
2018,Perlis,Kangar,Rape,16
2018,Perlis,Kangar,Robbery,31
2018,Perlis,Kangar,Causing injury,31
2018,Perlis,Padang Besar,Murder,0
2018,Perlis,Padang Besar,Rape,3
2018,Perlis,Padang Besar,Robbery,8
2018,Perlis,Padang Besar,Causing injury,2
2018,Pulau Pinang,Barat Daya,Murder,1
2018,Pulau Pinang,Barat Daya,Rape,7
2018,Pulau Pinang,Barat Daya,Robbery,24
2018,Pulau Pinang,Barat Daya,Causing injury,32
2018,Pulau Pinang,Seberang Perai Selatan,Murder,2
2018,Pulau Pinang,Seberang Perai Selatan,Rape,14
2018,Pulau Pinang,Seberang Perai Selatan,Robbery,63
2018,Pulau Pinang,Seberang Perai Selatan,Causing injury,46
2018,Pulau Pinang,Seberang Perai Tengah ,Murder,7
2018,Pulau Pinang,Seberang Perai Tengah ,Rape,12
2018,Pulau Pinang,Seberang Perai Tengah ,Robbery,167
2018,Pulau Pinang,Seberang Perai Tengah ,Causing injury,82
2018,Pulau Pinang,Seberang Perai Utara ,Murder,5
2018,Pulau Pinang,Seberang Perai Utara ,Rape,24
2018,Pulau Pinang,Seberang Perai Utara ,Robbery,64
2018,Pulau Pinang,Seberang Perai Utara ,Causing injury,57
2018,Pulau Pinang,Timur Laut,Murder,6
2018,Pulau Pinang,Timur Laut,Rape,15
2018,Pulau Pinang,Timur Laut,Robbery,184
2018,Pulau Pinang,Timur Laut,Causing injury,78
2018,Sabah,Beaufort,Murder,0
2018,Sabah,Beaufort,Rape,7
2018,Sabah,Beaufort,Robbery,3
2018,Sabah,Beaufort,Causing injury,2
2018,Sabah,Beluran,Murder,2
2018,Sabah,Beluran,Rape,6
2018,Sabah,Beluran,Robbery,1
2018,Sabah,Beluran,Causing injury,5
2018,Sabah,Keningau,Murder,2
2018,Sabah,Keningau,Rape,15
2018,Sabah,Keningau,Robbery,6
2018,Sabah,Keningau,Causing injury,15
2018,Sabah,Kota Belud,Murder,1
2018,Sabah,Kota Belud,Rape,5
2018,Sabah,Kota Belud,Robbery,1
2018,Sabah,Kota Belud,Causing injury,13
2018,Sabah,Kota Kinabalu,Murder,6
2018,Sabah,Kota Kinabalu,Rape,20
2018,Sabah,Kota Kinabalu,Robbery,41
2018,Sabah,Kota Kinabalu,Causing injury,31
2018,Sabah,Kota Kinabatangan,Murder,5
2018,Sabah,Kota Kinabatangan,Rape,4
2018,Sabah,Kota Kinabatangan,Robbery,2
2018,Sabah,Kota Kinabatangan,Causing injury,5
2018,Sabah,Kota Marudu,Murder,1
2018,Sabah,Kota Marudu,Rape,5
2018,Sabah,Kota Marudu,Robbery,1
2018,Sabah,Kota Marudu,Causing injury,4
2018,Sabah,Kudat,Murder,0
2018,Sabah,Kudat,Rape,6
2018,Sabah,Kudat,Robbery,1
2018,Sabah,Kudat,Causing injury,5
2018,Sabah,Kunak,Murder,0
2018,Sabah,Kunak,Rape,4
2018,Sabah,Kunak,Robbery,2
2018,Sabah,Kunak,Causing injury,1
2018,Sabah,Lahad Datu,Murder,2
2018,Sabah,Lahad Datu,Rape,11
2018,Sabah,Lahad Datu,Robbery,16
2018,Sabah,Lahad Datu,Causing injury,20
2018,Sabah,Papar,Murder,0
2018,Sabah,Papar,Rape,17
2018,Sabah,Papar,Robbery,9
2018,Sabah,Papar,Causing injury,16
2018,Sabah,Penampang,Murder,1
2018,Sabah,Penampang,Rape,26
2018,Sabah,Penampang,Robbery,20
2018,Sabah,Penampang,Causing injury,31
2018,Sabah,Ranau,Murder,2
2018,Sabah,Ranau,Rape,4
2018,Sabah,Ranau,Robbery,0
2018,Sabah,Ranau,Causing injury,4
2018,Sabah,Sandakan,Murder,1
2018,Sabah,Sandakan,Rape,12
2018,Sabah,Sandakan,Robbery,24
2018,Sabah,Sandakan,Causing injury,12
2018,Sabah,Semporna,Murder,6
2018,Sabah,Semporna,Rape,8
2018,Sabah,Semporna,Robbery,2
2018,Sabah,Semporna,Causing injury,15
2018,Sabah,Sipitang,Murder,0
2018,Sabah,Sipitang,Rape,3
2018,Sabah,Sipitang,Robbery,0
2018,Sabah,Sipitang,Causing injury,5
2018,Sabah,Tawau,Murder,2
2018,Sabah,Tawau,Rape,6
2018,Sabah,Tawau,Robbery,13
2018,Sabah,Tawau,Causing injury,8
2018,Sabah,Tenom,Murder,2
2018,Sabah,Tenom,Rape,8
2018,Sabah,Tenom,Robbery,1
2018,Sabah,Tenom,Causing injury,4
2018,Sabah,Tuaran,Murder,1
2018,Sabah,Tuaran,Rape,7
2018,Sabah,Tuaran,Robbery,0
2018,Sabah,Tuaran,Causing injury,8
2018,W.P. Labuan,W.P. Labuan,Murder,3
2018,W.P. Labuan,W.P. Labuan,Rape,4
2018,W.P. Labuan,W.P. Labuan,Robbery,6
2018,W.P. Labuan,W.P. Labuan,Causing injury,12
2018,Sarawak,Sarawak,Murder,17
2018,Sarawak,Sarawak,Rape,131
2018,Sarawak,Sarawak,Robbery,305
2018,Sarawak,Sarawak,Causing injury,358
2018,Sarawak,Bau,Murder,0
2018,Sarawak,Bau,Rape,3
2018,Sarawak,Bau,Robbery,2
2018,Sarawak,Bau,Causing injury,81
2018,Sarawak,Belaga,Murder,3
2018,Sarawak,Belaga,Rape,0
2018,Sarawak,Belaga,Robbery,0
2018,Sarawak,Belaga,Causing injury,7
2018,Sarawak,Betong,Murder,0
2018,Sarawak,Betong,Rape,3
2018,Sarawak,Betong,Robbery,3
2018,Sarawak,Betong,Causing injury,0
2018,Sarawak,Bintulu,Murder,0
2018,Sarawak,Bintulu,Rape,5
2018,Sarawak,Bintulu,Robbery,26
2018,Sarawak,Bintulu,Causing injury,3
2018,Sarawak,Dalat,Murder,0
2018,Sarawak,Dalat,Rape,1
2018,Sarawak,Dalat,Robbery,3
2018,Sarawak,Dalat,Causing injury,6
2018,Sarawak,Julau,Murder,0
2018,Sarawak,Julau,Rape,2
2018,Sarawak,Julau,Robbery,0
2018,Sarawak,Julau,Causing injury,1
2018,Sarawak,Kanowit,Murder,0
2018,Sarawak,Kanowit,Rape,2
2018,Sarawak,Kanowit,Robbery,0
2018,Sarawak,Kanowit,Causing injury,6
2018,Sarawak,Kapit,Murder,0
2018,Sarawak,Kapit,Rape,1
2018,Sarawak,Kapit,Robbery,1
2018,Sarawak,Kapit,Causing injury,6
2018,Sarawak,Kota Samarahan,Murder,0
2018,Sarawak,Kota Samarahan,Rape,6
2018,Sarawak,Kota Samarahan,Robbery,19
2018,Sarawak,Kota Samarahan,Causing injury,6
2018,Sarawak,Kuching,Murder,1
2018,Sarawak,Kuching,Rape,10
2018,Sarawak,Kuching,Robbery,84
2018,Sarawak,Kuching,Causing injury,6
2018,Sarawak,Lawas,Murder,0
2018,Sarawak,Lawas,Rape,4
2018,Sarawak,Lawas,Robbery,1
2018,Sarawak,Lawas,Causing injury,21
2018,Sarawak,Limbang,Murder,1
2018,Sarawak,Limbang,Rape,3
2018,Sarawak,Limbang,Robbery,1
2018,Sarawak,Limbang,Causing injury,43
2018,Sarawak,Lubok Antu,Murder,0
2018,Sarawak,Lubok Antu,Rape,3
2018,Sarawak,Lubok Antu,Robbery,0
2018,Sarawak,Lubok Antu,Causing injury,2
2018,Sarawak,Lundu,Murder,0
2018,Sarawak,Lundu,Rape,2
2018,Sarawak,Lundu,Robbery,0
2018,Sarawak,Lundu,Causing injury,7
2018,Sarawak,Marudi,Murder,1
2018,Sarawak,Marudi,Rape,2
2018,Sarawak,Marudi,Robbery,1
2018,Sarawak,Marudi,Causing injury,85
2018,Sarawak,Matu Daro ,Murder,0
2018,Sarawak,Matu Daro ,Rape,0
2018,Sarawak,Matu Daro ,Robbery,1
2018,Sarawak,Matu Daro ,Causing injury,9
2018,Sarawak,Meradong,Murder,0
2018,Sarawak,Meradong,Rape,1
2018,Sarawak,Meradong,Robbery,2
2018,Sarawak,Meradong,Causing injury,27
2018,Sarawak,Miri,Murder,3
2018,Sarawak,Miri,Rape,20
2018,Sarawak,Miri,Robbery,50
2018,Sarawak,Miri,Causing injury,1
2018,Sarawak,Mukah,Murder,0
2018,Sarawak,Mukah,Rape,3
2018,Sarawak,Mukah,Robbery,4
2018,Sarawak,Mukah,Causing injury,6
2018,Sarawak,Padawan,Murder,0
2018,Sarawak,Padawan,Rape,13
2018,Sarawak,Padawan,Robbery,42
2018,Sarawak,Padawan,Causing injury,5
2018,Sarawak,Saratok,Murder,1
2018,Sarawak,Saratok,Rape,2
2018,Sarawak,Saratok,Robbery,3
2018,Sarawak,Saratok,Causing injury,5
2018,Sarawak,Sarikei,Murder,0
2018,Sarawak,Sarikei,Rape,4
2018,Sarawak,Sarikei,Robbery,5
2018,Sarawak,Sarikei,Causing injury,0
2018,Sarawak,Serian,Murder,1
2018,Sarawak,Serian,Rape,4
2018,Sarawak,Serian,Robbery,12
2018,Sarawak,Serian,Causing injury,1
2018,Sarawak,Sibu,Murder,4
2018,Sarawak,Sibu,Rape,20
2018,Sarawak,Sibu,Robbery,39
2018,Sarawak,Sibu,Causing injury,8
2018,Sarawak,Simunjan,Murder,0
2018,Sarawak,Simunjan,Rape,5
2018,Sarawak,Simunjan,Robbery,2
2018,Sarawak,Simunjan,Causing injury,2
2018,Sarawak,Song,Murder,0
2018,Sarawak,Song,Rape,0
2018,Sarawak,Song,Robbery,0
2018,Sarawak,Song,Causing injury,2
2018,Sarawak,Sri Aman,Murder,1
2018,Sarawak,Sri Aman,Rape,11
2018,Sarawak,Sri Aman,Robbery,3
2018,Sarawak,Sri Aman,Causing injury,11
2018,Sarawak,Tatau,Murder,1
2018,Sarawak,Tatau,Rape,1
2018,Sarawak,Tatau,Robbery,1
2018,Sarawak,Tatau,Causing injury,1
2018,Selangor,Ampang Jaya ,Murder,5
2018,Selangor,Ampang Jaya ,Rape,26
2018,Selangor,Ampang Jaya ,Robbery,444
2018,Selangor,Ampang Jaya ,Causing injury,96
2018,Selangor,Gombak,Murder,7
2018,Selangor,Gombak,Rape,37
2018,Selangor,Gombak,Robbery,439
2018,Selangor,Gombak,Causing injury,80
2018,Selangor,Hulu Selangor,Murder,2
2018,Selangor,Hulu Selangor,Rape,31
2018,Selangor,Hulu Selangor,Robbery,37
2018,Selangor,Hulu Selangor,Causing injury,28
2018,Selangor,Kajang,Murder,19
2018,Selangor,Kajang,Rape,29
2018,Selangor,Kajang,Robbery,339
2018,Selangor,Kajang,Causing injury,110
2018,Selangor,Klang Selatan,Murder,10
2018,Selangor,Klang Selatan,Rape,21
2018,Selangor,Klang Selatan,Robbery,374
2018,Selangor,Klang Selatan,Causing injury,97
2018,Selangor,Klang Utara,Murder,6
2018,Selangor,Klang Utara,Rape,12
2018,Selangor,Klang Utara,Robbery,159
2018,Selangor,Klang Utara,Causing injury,96
2018,Selangor,Kuala Langat,Murder,5
2018,Selangor,Kuala Langat,Rape,8
2018,Selangor,Kuala Langat,Robbery,58
2018,Selangor,Kuala Langat,Causing injury,58
2018,Selangor,Kuala Selangor,Murder,3
2018,Selangor,Kuala Selangor,Rape,12
2018,Selangor,Kuala Selangor,Robbery,41
2018,Selangor,Kuala Selangor,Causing injury,22
2018,Selangor,Petaling Jaya,Murder,13
2018,Selangor,Petaling Jaya,Rape,30
2018,Selangor,Petaling Jaya,Robbery,574
2018,Selangor,Petaling Jaya,Causing injury,128
2018,Selangor,Sabak Bernam,Murder,1
2018,Selangor,Sabak Bernam,Rape,7
2018,Selangor,Sabak Bernam,Robbery,19
2018,Selangor,Sabak Bernam,Causing injury,29
2018,Selangor,Sepang,Murder,3
2018,Selangor,Sepang,Rape,26
2018,Selangor,Sepang,Robbery,86
2018,Selangor,Sepang,Causing injury,54
2018,Selangor,Serdang,Murder,6
2018,Selangor,Serdang,Rape,12
2018,Selangor,Serdang,Robbery,305
2018,Selangor,Serdang,Causing injury,52
2018,Selangor,Sg. Buloh,Murder,2
2018,Selangor,Sg. Buloh,Rape,15
2018,Selangor,Sg. Buloh,Robbery,143
2018,Selangor,Sg. Buloh,Causing injury,59
2018,Selangor,Shah Alam,Murder,4
2018,Selangor,Shah Alam,Rape,8
2018,Selangor,Shah Alam,Robbery,98
2018,Selangor,Shah Alam,Causing injury,28
2018,Selangor,Subang Jaya,Murder,5
2018,Selangor,Subang Jaya,Rape,20
2018,Selangor,Subang Jaya,Robbery,164
2018,Selangor,Subang Jaya,Causing injury,56
2018,Terengganu,Besut,Murder,0
2018,Terengganu,Besut,Rape,12
2018,Terengganu,Besut,Robbery,23
2018,Terengganu,Besut,Causing injury,30
2018,Terengganu,Dungun,Murder,0
2018,Terengganu,Dungun,Rape,5
2018,Terengganu,Dungun,Robbery,9
2018,Terengganu,Dungun,Causing injury,27
2018,Terengganu,Hulu Terengganu,Murder,0
2018,Terengganu,Hulu Terengganu,Rape,6
2018,Terengganu,Hulu Terengganu,Robbery,10
2018,Terengganu,Hulu Terengganu,Causing injury,10
2018,Terengganu,Kemaman,Murder,0
2018,Terengganu,Kemaman,Rape,14
2018,Terengganu,Kemaman,Robbery,20
2018,Terengganu,Kemaman,Causing injury,14
2018,Terengganu,Kuala Terengganu,Murder,1
2018,Terengganu,Kuala Terengganu,Rape,12
2018,Terengganu,Kuala Terengganu,Robbery,27
2018,Terengganu,Kuala Terengganu,Causing injury,21
2018,Terengganu,Marang,Murder,1
2018,Terengganu,Marang,Rape,8
2018,Terengganu,Marang,Robbery,6
2018,Terengganu,Marang,Causing injury,11
2018,Terengganu,Setiu,Murder,0
2018,Terengganu,Setiu,Rape,6
2018,Terengganu,Setiu,Robbery,7
2018,Terengganu,Setiu,Causing injury,11
2018,W.P. Kuala Lumpur,Brickfields ,Murder,3
2018,W.P. Kuala Lumpur,Brickfields ,Rape,20
2018,W.P. Kuala Lumpur,Brickfields ,Robbery,324
2018,W.P. Kuala Lumpur,Brickfields ,Causing injury,71
2018,W.P. Kuala Lumpur,Cheras ,Murder,3
2018,W.P. Kuala Lumpur,Cheras ,Rape,27
2018,W.P. Kuala Lumpur,Cheras ,Robbery,176
2018,W.P. Kuala Lumpur,Cheras ,Causing injury,73
2018,W.P. Kuala Lumpur,Dang Wangi ,Murder,8
2018,W.P. Kuala Lumpur,Dang Wangi ,Rape,23
2018,W.P. Kuala Lumpur,Dang Wangi ,Robbery,1211
2018,W.P. Kuala Lumpur,Dang Wangi ,Causing injury,112
2018,W.P. Kuala Lumpur,Sentul ,Murder,12
2018,W.P. Kuala Lumpur,Sentul ,Rape,24
2018,W.P. Kuala Lumpur,Sentul ,Robbery,9
2018,W.P. Kuala Lumpur,Sentul ,Causing injury,163
2018,W.P. Kuala Lumpur,Wangsa Maju ,Murder,7
2018,W.P. Kuala Lumpur,Wangsa Maju ,Rape,16
2018,W.P. Kuala Lumpur,Wangsa Maju ,Robbery,460
2018,W.P. Kuala Lumpur,Wangsa Maju ,Causing injury,95
2018,W.P. Putrajaya ,W.P. Putrajaya ,Murder,0
2018,W.P. Putrajaya ,W.P. Putrajaya ,Rape,2
2018,W.P. Putrajaya ,W.P. Putrajaya ,Robbery,292
2018,W.P. Putrajaya ,W.P. Putrajaya ,Causing injury,6
